filename,created_at,subm_ts
submissions/0____Three_Wayne.py,2024-06-01 22:42:08 -0400,1717296128
submissions/1____Ma_Lin.cpp,2024-06-01 22:45:16 -0400,1717296316
submissions/2____sisyphus3.cpp,2024-06-01 22:39:15 -0400,1717295955
submissions/3____uwi.java,2024-06-01 22:40:50 -0400,1717296050
submissions/4____kumarapoorv617.cpp,2024-06-01 22:40:34 -0400,1717296034
submissions/5____megurine.py,2024-06-01 22:42:03 -0400,1717296123
submissions/6____kmjp.cpp,2024-06-01 22:46:13 -0400,1717296373
submissions/7____danielchandg.cpp,2024-06-01 22:41:38 -0400,1717296098
submissions/8____sheepforever.cpp,2024-06-01 22:47:50 -0400,1717296470
submissions/9____biharicoder.py,2024-06-01 22:38:12 -0400,1717295892
submissions/10____waakaaka.cpp,2024-06-01 22:39:08 -0400,1717295948
submissions/11____stupidRR.cpp,2024-06-01 22:39:41 -0400,1717295981
submissions/12____fmota.cpp,2024-06-01 22:39:30 -0400,1717295970
submissions/13____IceKnight1093.cpp,2024-06-01 22:48:23 -0400,1717296503
submissions/14____PurpleCrayon.cpp,2024-06-01 22:43:48 -0400,1717296228
submissions/15____urimaj.cpp,2024-06-01 22:48:55 -0400,1717296535
submissions/16____arignote.java,2024-06-01 22:44:04 -0400,1717296244
submissions/17____nevergiveup.java,2024-06-01 22:49:06 -0400,1717296546
submissions/18____OTTFF.cpp,2024-06-01 22:44:31 -0400,1717296271
submissions/19____DylanSmith.cpp,2024-06-01 22:42:25 -0400,1717296145
submissions/20____Homie_Lander7.cpp,2024-06-01 22:46:00 -0400,1717296360
submissions/21____mhasan01.cpp,2024-06-01 22:48:00 -0400,1717296480
submissions/22____d_ananta_.cpp,2024-06-01 22:50:51 -0400,1717296651
submissions/23____teacher-six.cpp,2024-06-01 22:51:18 -0400,1717296678
submissions/24____envyaims.cpp,2024-06-01 22:40:28 -0400,1717296028
submissions/25____U_U.cpp,2024-06-01 22:51:32 -0400,1717296692
submissions/26____KR_HayoungSong.cpp,2024-06-01 22:46:54 -0400,1717296414
submissions/27____Turkhuu.cpp,2024-06-01 22:52:31 -0400,1717296751
submissions/28____vonrong.py,2024-06-01 22:42:18 -0400,1717296138
submissions/29____KyouMoKawaii.py,2024-06-01 22:48:10 -0400,1717296490
submissions/30____ritik_369.cpp,2024-06-01 22:42:01 -0400,1717296121
submissions/31____friedall.cpp,2024-06-01 22:48:19 -0400,1717296499
submissions/32____itzRaghav.cpp,2024-06-01 22:53:33 -0400,1717296813
submissions/33____Yawn_Sean.py,2024-06-01 22:42:42 -0400,1717296162
submissions/34____Wibo.cpp,2024-06-01 22:54:04 -0400,1717296844
submissions/35____qdd1999.cpp,2024-06-01 22:41:39 -0400,1717296099
submissions/36____sumon_1212.cpp,2024-06-01 22:55:07 -0400,1717296907
submissions/37____sykobeli.py,2024-06-01 22:55:22 -0400,1717296922
submissions/38____sammochen.cpp,2024-06-01 22:47:30 -0400,1717296450
submissions/39____MKLOL.cpp,2024-06-01 22:47:53 -0400,1717296473
submissions/40____JeffreyLC.cpp,2024-06-01 22:56:18 -0400,1717296978
submissions/41____STARs_56789.cpp,2024-06-01 22:56:25 -0400,1717296985
submissions/42_____priyanshu_101_.cpp,2024-06-01 22:38:54 -0400,1717295934
submissions/43____Abhi_Srivastava.cpp,2024-06-01 22:40:54 -0400,1717296054
submissions/44____jojayoh.cpp,2024-06-01 22:58:12 -0400,1717297092
submissions/45____hazzler.cpp,2024-06-01 22:58:17 -0400,1717297097
submissions/46____Superultra.cpp,2024-06-01 22:41:29 -0400,1717296089
submissions/47____funsquared.py,2024-06-01 22:58:40 -0400,1717297120
submissions/48____jwseph.cpp,2024-06-01 22:45:04 -0400,1717296304
submissions/49____jacobj2.cpp,2024-06-01 22:42:45 -0400,1717296165
submissions/50____123454321.py,2024-06-01 22:53:51 -0400,1717296831
submissions/51____dhru2602.cpp,2024-06-01 22:54:12 -0400,1717296852
submissions/52____penguinzzz.cpp,2024-06-01 22:54:21 -0400,1717296861
submissions/53____dream_boy.cpp,2024-06-01 22:59:30 -0400,1717297170
submissions/54____qqwrv.cpp,2024-06-01 22:54:31 -0400,1717296871
submissions/55____yolo12345.cpp,2024-06-01 22:59:51 -0400,1717297191
submissions/56____bobxiong88.cpp,2024-06-01 22:55:10 -0400,1717296910
submissions/57____Kareem_Elgoker.cpp,2024-06-01 23:00:11 -0400,1717297211
submissions/58____Sandeep_P.py,2024-06-01 22:50:12 -0400,1717296612
submissions/59____Manan04.py,2024-06-01 23:00:16 -0400,1717297216
submissions/60____i_am_coderrrrr.cpp,2024-06-01 22:55:26 -0400,1717296926
submissions/61____deepli.java,2024-06-01 23:01:04 -0400,1717297264
submissions/62____Romy67.cpp,2024-06-01 23:01:06 -0400,1717297266
submissions/63____user9218i.cpp,2024-06-01 22:56:08 -0400,1717296968
submissions/64____duncanimtheho.cpp,2024-06-01 23:00:16 -0400,1717297216
submissions/65____Airths.cpp,2024-06-01 23:01:17 -0400,1717297277
submissions/66____priyanshu_p28.cpp,2024-06-01 22:43:56 -0400,1717296236
submissions/67____gonglinyuan.py,2024-06-01 23:01:26 -0400,1717297286
submissions/68____LEetcode_ruler.cpp,2024-06-01 23:01:28 -0400,1717297288
submissions/69____aditya712001.cpp,2024-06-01 23:01:35 -0400,1717297295
submissions/70____ashwanthkannan.cpp,2024-06-01 22:41:35 -0400,1717296095
submissions/71____ltf0501.cpp,2024-06-01 22:57:02 -0400,1717297022
submissions/72____donbasta.cpp,2024-06-01 22:57:04 -0400,1717297024
submissions/73____CelonyMire.cpp,2024-06-01 22:57:06 -0400,1717297026
submissions/74____pasricha_dhruv.cpp,2024-06-01 23:02:13 -0400,1717297333
submissions/75____MeetBrahmbhatt.cpp,2024-06-01 22:57:22 -0400,1717297042
submissions/76____wjli.cpp,2024-06-01 22:57:29 -0400,1717297049
submissions/77____pingchungchang.cpp,2024-06-01 23:02:36 -0400,1717297356
submissions/78____plustone.cpp,2024-06-01 23:02:42 -0400,1717297362
submissions/79____yli262.py,2024-06-01 22:52:54 -0400,1717296774
submissions/80____ianwong1999.cpp,2024-06-01 22:56:20 -0400,1717296980
submissions/81____profchi.java,2024-06-01 22:58:09 -0400,1717297089
submissions/82____trantai.cpp,2024-06-01 22:42:18 -0400,1717296138
submissions/83____gan14008.py,2024-06-01 23:03:14 -0400,1717297394
submissions/84____ethanrao.cpp,2024-06-01 22:45:55 -0400,1717296355
submissions/85____vrangr.cpp,2024-06-01 23:03:52 -0400,1717297432
submissions/86____WORTH_IT.java,2024-06-01 23:03:58 -0400,1717297438
submissions/87____Maruzensky.py,2024-06-01 23:04:04 -0400,1717297444
submissions/88____henryz14.java,2024-06-01 23:04:13 -0400,1717297453
submissions/89____amank13.cpp,2024-06-01 23:04:19 -0400,1717297459
submissions/90____AyushDixit21.cpp,2024-06-01 22:59:19 -0400,1717297159
submissions/91____czjnbb.py,2024-06-01 22:59:21 -0400,1717297161
submissions/92____Rohit2593.cpp,2024-06-01 23:04:22 -0400,1717297462
submissions/93____psb0623.cpp,2024-06-01 23:04:31 -0400,1717297471
submissions/94____abhishekvaish.py,2024-06-01 23:04:32 -0400,1717297472
submissions/95____jayesh_shaw.cpp,2024-06-01 23:04:36 -0400,1717297476
submissions/96____txingml.cpp,2024-06-01 23:04:45 -0400,1717297485
submissions/97____xymabinogi.cpp,2024-06-01 22:59:58 -0400,1717297198
submissions/98____anand1239.cpp,2024-06-01 23:05:02 -0400,1717297502
submissions/99____mikeqiyh.cpp,2024-06-01 23:00:08 -0400,1717297208
submissions/100____3R1C_.cpp,2024-06-01 23:00:14 -0400,1717297214
submissions/101____plus2047.cpp,2024-06-01 23:05:16 -0400,1717297516
submissions/102____hkmaxi.cpp,2024-06-01 23:05:39 -0400,1717297539
submissions/103____ivanc-e.cpp,2024-06-01 22:55:49 -0400,1717296949
submissions/104____dgeyfman.py,2024-06-01 23:01:04 -0400,1717297264
submissions/105____lydxlx.cpp,2024-06-01 22:56:15 -0400,1717296975
submissions/106____Akatsuki_.cpp,2024-06-01 23:01:15 -0400,1717297275
submissions/107____user0552HW.cpp,2024-06-01 23:06:21 -0400,1717297581
submissions/108____hank55663.cpp,2024-06-01 22:51:23 -0400,1717296683
submissions/109____huangshan01.cpp,2024-06-01 23:01:25 -0400,1717297285
submissions/110____MonoLithh.cpp,2024-06-01 23:01:32 -0400,1717297292
submissions/111____RyanPionee2.cpp,2024-06-01 23:06:41 -0400,1717297601
submissions/112____mayank81757.cpp,2024-06-01 23:06:41 -0400,1717297601
submissions/113____dennis753951.cpp,2024-06-01 23:01:45 -0400,1717297305
submissions/114____aditya4905.cpp,2024-06-01 23:07:03 -0400,1717297623
submissions/115____amsraman.cpp,2024-06-01 22:57:05 -0400,1717297025
submissions/116____mufti.cpp,2024-06-01 22:57:06 -0400,1717297026
submissions/117____shubhambhadada7.cpp,2024-06-01 23:07:14 -0400,1717297634
submissions/118____sshang.py,2024-06-01 23:02:44 -0400,1717297364
submissions/119____r32626.py,2024-06-01 23:02:48 -0400,1717297368
submissions/120____sirvi_26.cpp,2024-06-01 22:57:56 -0400,1717297076
submissions/121____NatapongS.cpp,2024-06-01 22:58:11 -0400,1717297091
submissions/122____tushar_1290.cpp,2024-06-01 23:03:11 -0400,1717297391
submissions/123____XAXAEBATb.cpp,2024-06-01 23:00:50 -0400,1717297250
submissions/124____jcoves.cpp,2024-06-01 23:03:12 -0400,1717297392
submissions/125____rohinth076.java,2024-06-01 23:03:01 -0400,1717297381
submissions/126____Andycipation.cpp,2024-06-01 23:03:15 -0400,1717297395
submissions/127____kaq.cpp,2024-06-01 23:03:17 -0400,1717297397
submissions/128____MvKaio.cpp,2024-06-01 22:53:31 -0400,1717296811
submissions/129____xil899.java,2024-06-01 23:03:36 -0400,1717297416
submissions/130____spaul_12.cpp,2024-06-01 23:08:54 -0400,1717297734
submissions/131____Mouceant.py,2024-06-01 23:08:58 -0400,1717297738
submissions/132____JJZin.py,2024-06-01 22:59:01 -0400,1717297141
submissions/133____NerdyCoder.cpp,2024-06-01 23:09:05 -0400,1717297745
submissions/134____ryanguorocket.cpp,2024-06-01 23:04:08 -0400,1717297448
submissions/135____BruceGO.cpp,2024-06-01 23:04:15 -0400,1717297455
submissions/136____SaveVMK.java,2024-06-01 22:59:35 -0400,1717297175
submissions/137____cmgabriellucas.cpp,2024-06-01 22:59:39 -0400,1717297179
submissions/138____chromate00.cpp,2024-06-01 22:59:45 -0400,1717297185
submissions/139____dekail.py,2024-06-01 23:06:09 -0400,1717297569
submissions/140____Kyouma007.cpp,2024-06-01 23:09:54 -0400,1717297794
submissions/141____VS_Codes.cpp,2024-06-01 23:01:41 -0400,1717297301
submissions/142____user2638Cd.py,2024-06-01 23:04:58 -0400,1717297498
submissions/143_____Fake4Fun.cpp,2024-06-01 23:00:00 -0400,1717297200
submissions/144____sohamslc5.cpp,2024-06-01 23:05:01 -0400,1717297501
submissions/145____tonyli00000.cpp,2024-06-01 23:00:03 -0400,1717297203
submissions/146____dipakbaghel47.cpp,2024-06-01 23:10:09 -0400,1717297809
submissions/147____itsMeShashwat.cpp,2024-06-01 23:05:37 -0400,1717297537
submissions/148____YarosHarm.java,2024-06-01 23:10:47 -0400,1717297847
submissions/149____viraj_vrj.cpp,2024-06-01 23:10:49 -0400,1717297849
submissions/150____yuwen-yan.py,2024-06-01 23:10:51 -0400,1717297851
submissions/151____ForgottenSemicolon.java,2024-06-01 23:00:57 -0400,1717297257
submissions/152____chetanaggarwal289.cpp,2024-06-01 23:11:02 -0400,1717297862
submissions/153____quocdatmc.cpp,2024-06-01 23:06:13 -0400,1717297573
submissions/154____areke.cpp,2024-06-01 22:57:44 -0400,1717297064
submissions/155____philip2207.java,2024-06-01 22:56:12 -0400,1717296972
submissions/156____yzkkai.cpp,2024-06-01 23:01:16 -0400,1717297276
submissions/157____EUqr2c2cjD8nuX5K.cpp,2024-06-01 23:06:18 -0400,1717297578
submissions/158____masakit.cpp,2024-06-01 22:45:08 -0400,1717296308
submissions/159____leftshifted.py,2024-06-01 23:11:36 -0400,1717297896
submissions/160____Glukua.cpp,2024-06-01 23:06:40 -0400,1717297600
submissions/161____hungt1.cpp,2024-06-01 22:45:19 -0400,1717296319
submissions/162____ja1n-aman.cpp,2024-06-01 23:06:44 -0400,1717297604
submissions/163____sobols.cpp,2024-06-01 23:11:48 -0400,1717297908
submissions/164____faizanhussain2310.cpp,2024-06-01 23:11:53 -0400,1717297913
submissions/165____Anas_Maged.cpp,2024-06-01 23:01:59 -0400,1717297319
submissions/166____zokumyoin.java,2024-06-01 23:12:08 -0400,1717297928
submissions/167____wddd.java,2024-06-01 23:02:14 -0400,1717297334
submissions/168____Chengqian_Li.cpp,2024-06-01 23:02:19 -0400,1717297339
submissions/169____Mamba_Feng.py,2024-06-01 23:12:32 -0400,1717297952
submissions/170____chroniclesofcode.cpp,2024-06-01 23:07:40 -0400,1717297660
submissions/171____devansh789.cpp,2024-06-01 23:12:41 -0400,1717297961
submissions/172____bocha.cpp,2024-06-01 23:12:47 -0400,1717297967
submissions/173____parasguglani.cpp,2024-06-01 23:12:48 -0400,1717297968
submissions/174____wenboz.java,2024-06-01 23:02:49 -0400,1717297369
submissions/175____szp14.cpp,2024-06-01 23:12:50 -0400,1717297970
submissions/176____allrounderankit.cpp,2024-06-01 23:02:07 -0400,1717297327
submissions/177____banis0430.cpp,2024-06-01 23:08:04 -0400,1717297684
submissions/178____ajinkya1p3.cpp,2024-06-01 23:03:15 -0400,1717297395
submissions/179____brycelo.cpp,2024-06-01 23:08:16 -0400,1717297696
submissions/180____hrithik_248.cpp,2024-06-01 23:13:18 -0400,1717297998
submissions/181____sukunamodeon.cpp,2024-06-01 23:08:22 -0400,1717297702
submissions/182____Abeed_shaik.cpp,2024-06-01 23:08:26 -0400,1717297706
submissions/183____rounak_58.cpp,2024-06-01 23:08:27 -0400,1717297707
submissions/184____saiteja_balla0413.cpp,2024-06-01 23:08:27 -0400,1717297707
submissions/185____feibonaqixu.cpp,2024-06-01 23:13:28 -0400,1717298008
submissions/186____never_seen.cpp,2024-06-01 23:01:06 -0400,1717297266
submissions/187____uwu.rs,2024-06-01 23:13:39 -0400,1717298019
submissions/188____Khwaja_Abdul_Samad.cpp,2024-06-01 23:08:57 -0400,1717297737
submissions/189____sshivendra764.cpp,2024-06-01 23:04:01 -0400,1717297441
submissions/190____jlallas384.cpp,2024-06-01 23:09:03 -0400,1717297743
submissions/191____cybsbbbb.py,2024-06-01 23:04:03 -0400,1717297443
submissions/192____brijeshsiwach93.cpp,2024-06-01 22:49:54 -0400,1717296594
submissions/193____samthenoob.py,2024-06-01 23:09:10 -0400,1717297750
submissions/194____bnlvv.py,2024-06-01 23:09:14 -0400,1717297754
submissions/195____dk_sensei.cpp,2024-06-01 23:09:15 -0400,1717297755
submissions/196____papaya.cpp,2024-06-01 23:09:18 -0400,1717297758
submissions/197____harshbardolia.cpp,2024-06-01 23:04:32 -0400,1717297472
submissions/198____fsyun.java,2024-06-01 23:14:38 -0400,1717298078
submissions/199____didwhddks.cpp,2024-06-01 23:04:41 -0400,1717297481
submissions/200____mocowcow.py,2024-06-01 23:09:45 -0400,1717297785
submissions/201____Silken.cpp,2024-06-01 23:08:58 -0400,1717297738
submissions/202____REED_W.java,2024-06-01 23:15:11 -0400,1717298111
submissions/203____himanshuyadavroxx.cpp,2024-06-01 23:10:14 -0400,1717297814
submissions/204____rayvivek779.cpp,2024-06-01 22:54:45 -0400,1717296885
submissions/205____A_Le_K.cpp,2024-06-01 23:10:17 -0400,1717297817
submissions/206____btcmoon.java,2024-06-01 23:15:19 -0400,1717298119
submissions/207____ShyamSunder_11.cpp,2024-06-01 23:15:23 -0400,1717298123
submissions/208____harshit_08.cpp,2024-06-01 23:10:23 -0400,1717297823
submissions/209____aryansingh027.cpp,2024-06-01 23:15:25 -0400,1717298125
submissions/210____Apple_juice.cpp,2024-06-01 23:15:28 -0400,1717298128
submissions/211____brajesh_muwel17.cpp,2024-06-01 23:10:30 -0400,1717297830
submissions/212____tepamid.cpp,2024-06-01 23:10:35 -0400,1717297835
submissions/213____FSPINDLE.cpp,2024-06-01 23:01:57 -0400,1717297317
submissions/214____catnip033.cpp,2024-06-01 23:05:47 -0400,1717297547
submissions/215____AlthafHussain.java,2024-06-01 23:15:49 -0400,1717298149
submissions/216____fwyize.go,2024-06-01 22:59:41 -0400,1717297181
submissions/217____a0920732333.cpp,2024-06-01 23:11:02 -0400,1717297862
submissions/218____Tyrande.cpp,2024-06-01 23:06:02 -0400,1717297562
submissions/219____noobiiitian.cpp,2024-06-01 23:06:05 -0400,1717297565
submissions/220____curiosity-10.cpp,2024-06-01 23:06:07 -0400,1717297567
submissions/221____NULLgorithm.cpp,2024-06-01 23:16:16 -0400,1717298176
submissions/222____maybk.cpp,2024-06-01 23:11:22 -0400,1717297882
submissions/223____ankushtyagi7777.cpp,2024-06-01 23:16:37 -0400,1717298197
submissions/224____fsshakkhor.cpp,2024-06-01 23:11:38 -0400,1717297898
submissions/225____vedant_rawale.cpp,2024-06-01 23:11:42 -0400,1717297902
submissions/226____singh_deopa.cpp,2024-06-01 23:16:43 -0400,1717298203
submissions/227____virajchandra51.cpp,2024-06-01 22:49:47 -0400,1717296587
submissions/228____whattttttttt.cpp,2024-06-01 22:57:27 -0400,1717297047
submissions/229____hicoder.py,2024-06-01 23:11:49 -0400,1717297909
submissions/230____hahahiehie.java,2024-06-01 23:06:52 -0400,1717297612
submissions/231____shreyd01.cpp,2024-06-01 23:11:54 -0400,1717297914
submissions/232____alex391a.py,2024-06-01 23:12:03 -0400,1717297923
submissions/233____nicholasfoocl.cpp,2024-06-01 23:07:03 -0400,1717297623
submissions/234____SirTechnical.cpp,2024-06-01 23:12:06 -0400,1717297926
submissions/235____XKTZ.cpp,2024-06-01 23:02:08 -0400,1717297328
submissions/236____aryangarg0729.cpp,2024-06-01 23:07:09 -0400,1717297629
submissions/237____l_returns.cpp,2024-06-01 23:04:31 -0400,1717297471
submissions/238____balakrishnan_v.cpp,2024-06-01 23:02:36 -0400,1717297356
submissions/239____inrosis94.java,2024-06-01 23:12:18 -0400,1717297938
submissions/240____LLIEPJIOK.cpp,2024-06-01 23:12:18 -0400,1717297938
submissions/241____HOBBIT__.cpp,2024-06-01 23:17:46 -0400,1717298266
submissions/242____A_S_.cpp,2024-06-01 23:10:08 -0400,1717297808
submissions/243____TheZwischenzug.java,2024-06-01 23:04:02 -0400,1717297442
submissions/244____qq1239426256.cpp,2024-06-01 23:02:57 -0400,1717297377
submissions/245____S_ARB.cpp,2024-06-01 23:18:02 -0400,1717298282
submissions/246____shreeya1803singhal.cpp,2024-06-01 23:18:17 -0400,1717298297
submissions/247____Sarthak3204.cpp,2024-06-01 23:08:30 -0400,1717297710
submissions/248____peicd7699.py,2024-06-01 23:03:31 -0400,1717297411
submissions/249____Namakian.cpp,2024-06-01 23:13:38 -0400,1717298018
submissions/250____itsjk_s.cpp,2024-06-01 23:18:40 -0400,1717298320
submissions/251____spike02.cpp,2024-06-01 23:13:43 -0400,1717298023
submissions/252____plyusnovdmitrii.cpp,2024-06-01 23:18:47 -0400,1717298327
submissions/253____RohanKadam.cpp,2024-06-01 23:03:50 -0400,1717297430
submissions/254____pcwuu.cpp,2024-06-01 23:13:53 -0400,1717298033
submissions/255____nubskr.cpp,2024-06-01 23:02:45 -0400,1717297365
submissions/256____Akash_S29.cpp,2024-06-01 23:13:56 -0400,1717298036
submissions/257____shivamxdd.cpp,2024-06-01 22:56:40 -0400,1717297000
submissions/258____uchiha_Shivam.cpp,2024-06-01 23:19:01 -0400,1717298341
submissions/259____JasonL14.py,2024-06-01 23:14:09 -0400,1717298049
submissions/260____ddiibboo.java,2024-06-01 23:14:13 -0400,1717298053
submissions/261____yh157612.rs,2024-06-01 23:19:17 -0400,1717298357
submissions/262____AmanIITP.cpp,2024-06-01 23:09:17 -0400,1717297757
submissions/263____anshulagarwal3131.cpp,2024-06-01 23:14:39 -0400,1717298079
submissions/264____mole_cule.cpp,2024-06-01 23:19:53 -0400,1717298393
submissions/265____Gaming_123.cpp,2024-06-01 23:15:00 -0400,1717298100
submissions/266____ceetcode.cpp,2024-06-01 23:10:06 -0400,1717297806
submissions/267____GoGuru.cpp,2024-06-01 23:20:17 -0400,1717298417
submissions/268____sahilanand.cpp,2024-06-01 23:20:18 -0400,1717298418
submissions/269____Scyther_07.cpp,2024-06-01 23:10:19 -0400,1717297819
submissions/270____vijaykatta3094.py,2024-06-01 23:15:23 -0400,1717298123
submissions/271____AdityaDargan.cpp,2024-06-01 23:20:26 -0400,1717298426
submissions/272____Satj.cpp,2024-06-01 23:05:27 -0400,1717297527
submissions/273____anna-hcj.js,2024-06-01 23:15:33 -0400,1717298133
submissions/274____elzaralian.py,2024-06-01 23:20:35 -0400,1717298435
submissions/275____rahulmittall.cpp,2024-06-01 22:54:41 -0400,1717296881
submissions/276____kml123.cpp,2024-06-01 23:15:39 -0400,1717298139
submissions/277____loxa_.cpp,2024-06-01 23:15:42 -0400,1717298142
submissions/278____HaoyuWang417.py,2024-06-01 23:15:45 -0400,1717298145
submissions/279____sethles.java,2024-06-01 22:48:18 -0400,1717296498
submissions/280____agrim07.cpp,2024-06-01 23:05:49 -0400,1717297549
submissions/281____alan8585.cpp,2024-06-01 23:05:53 -0400,1717297553
submissions/282____ferferge.py,2024-06-01 23:05:54 -0400,1717297554
submissions/283____david-c.cpp,2024-06-01 23:20:54 -0400,1717298454
submissions/284____404_not_found__.cpp,2024-06-01 23:11:15 -0400,1717297875
submissions/285____aksh--_it.cpp,2024-06-01 23:16:18 -0400,1717298178
submissions/286____a7174812.cpp,2024-06-01 23:11:19 -0400,1717297879
submissions/287____arujbansal.cpp,2024-06-01 23:21:29 -0400,1717298489
submissions/288____Fasdr.java,2024-06-01 23:21:42 -0400,1717298502
submissions/289____tanakat01.py,2024-06-01 23:11:43 -0400,1717297903
submissions/290______akshansh7.cpp,2024-06-01 23:11:44 -0400,1717297904
submissions/291____DenisGubar.cpp,2024-06-01 23:16:54 -0400,1717298214
submissions/292____yahoo010206.py,2024-06-01 23:21:56 -0400,1717298516
submissions/293____rishu_raj_10042002.cpp,2024-06-01 23:22:00 -0400,1717298520
submissions/294____wangdh15.cpp,2024-06-01 23:12:01 -0400,1717297921
submissions/295____PankajBhanwala.cpp,2024-06-01 23:22:02 -0400,1717298522
submissions/296____NinjaSatish.cpp,2024-06-01 23:17:02 -0400,1717298222
submissions/297____scotchtape.cpp,2024-06-01 22:42:50 -0400,1717296170
submissions/298____adityagarg0911.cpp,2024-06-01 23:17:23 -0400,1717298243
submissions/299____PlayDate.java,2024-06-01 23:17:33 -0400,1717298253
submissions/300____irfanukani.cpp,2024-06-01 23:17:47 -0400,1717298267
submissions/301____lokeshrajput5473.cpp,2024-06-01 23:17:48 -0400,1717298268
submissions/302____chinmay02.cpp,2024-06-01 23:17:50 -0400,1717298270
submissions/303____Fabian0.java,2024-06-01 23:17:58 -0400,1717298278
submissions/304____2022_grad.cpp,2024-06-01 22:45:56 -0400,1717296356
submissions/305____Casterkiller.py,2024-06-01 23:23:13 -0400,1717298593
submissions/306____ahimawan.cpp,2024-06-01 23:23:22 -0400,1717298602
submissions/307____AdamTai.cpp,2024-06-01 23:18:24 -0400,1717298304
submissions/308____Sharma1Aaryan.cpp,2024-06-01 23:13:29 -0400,1717298009
submissions/309____deepak_yadav_7.cpp,2024-06-01 22:57:29 -0400,1717297049
submissions/310____WuWenChun.cpp,2024-06-01 23:18:30 -0400,1717298310
submissions/311____khaledlabeb552.cpp,2024-06-01 23:08:33 -0400,1717297713
submissions/312____asdfanuiu.js,2024-06-01 23:13:33 -0400,1717298013
submissions/313____pppdmy.rs,2024-06-01 23:18:50 -0400,1717298330
submissions/314____krisWuCHYC.py,2024-06-01 22:59:36 -0400,1717297176
submissions/315____shirley_zq.cpp,2024-06-01 23:18:56 -0400,1717298336
submissions/316____vassu118.cpp,2024-06-01 23:08:59 -0400,1717297739
submissions/317____an1ket_62.cpp,2024-06-01 23:09:01 -0400,1717297741
submissions/318____nqvr.py,2024-06-01 23:14:01 -0400,1717298041
submissions/319____pkufancy.go,2024-06-01 23:24:04 -0400,1717298644
submissions/320____anubhavanu2004.cpp,2024-06-01 23:24:06 -0400,1717298646
submissions/321____iyerke.py,2024-06-01 23:19:10 -0400,1717298350
submissions/322____flyingPenguin04.cpp,2024-06-01 23:24:11 -0400,1717298651
submissions/323____isnotavail.cpp,2024-06-01 23:19:14 -0400,1717298354
submissions/324____qb_2008.cpp,2024-06-01 23:14:34 -0400,1717298074
submissions/325____C0DET1GER.cpp,2024-06-01 23:14:34 -0400,1717298074
submissions/326____deepcoder1.py,2024-06-01 23:24:36 -0400,1717298676
submissions/327____vinay_7516.cpp,2024-06-01 23:19:42 -0400,1717298382
submissions/328____delphih.py,2024-06-01 23:14:45 -0400,1717298085
submissions/329____kalpit04.cpp,2024-06-01 23:19:46 -0400,1717298386
submissions/330____nicolaSaporetti.cpp,2024-06-01 23:19:49 -0400,1717298389
submissions/331____ASHLER66.cpp,2024-06-01 23:14:52 -0400,1717298092
submissions/332____vyash382.java,2024-06-01 23:05:44 -0400,1717297544
submissions/333____pein531.cpp,2024-06-01 22:56:51 -0400,1717297011
submissions/334____muntasir_120.py,2024-06-01 23:24:54 -0400,1717298694
submissions/335____shaydulin.py,2024-06-01 23:19:54 -0400,1717298394
submissions/336____tushars_071.cpp,2024-06-01 23:25:00 -0400,1717298700
submissions/337____harryB17.cpp,2024-06-01 23:15:01 -0400,1717298101
submissions/338____Coding_geek20.cpp,2024-06-01 23:20:02 -0400,1717298402
submissions/339____Code-O-Maniac.cpp,2024-06-01 23:25:07 -0400,1717298707
submissions/340____ashishsutar1210.cpp,2024-06-01 23:10:23 -0400,1717297823
submissions/341____jszqlew.cpp,2024-06-01 23:20:26 -0400,1717298426
submissions/342____codergiri.cpp,2024-06-01 23:25:30 -0400,1717298730
submissions/343____The_2nd_Derivative.cpp,2024-06-01 23:15:30 -0400,1717298130
submissions/344____Mayank_Pushpjeet.cpp,2024-06-01 23:15:33 -0400,1717298133
submissions/345____akkul_g.cpp,2024-06-01 23:20:39 -0400,1717298439
submissions/346____aswinkumarravikumar.cpp,2024-06-01 23:25:45 -0400,1717298745
submissions/347____Nabobery.cpp,2024-06-01 23:20:45 -0400,1717298445
submissions/348____shreyas_2505.cpp,2024-06-01 23:25:48 -0400,1717298748
submissions/349____harttle.js,2024-06-01 23:15:48 -0400,1717298148
submissions/350____Ri_as.cpp,2024-06-01 23:25:50 -0400,1717298750
submissions/351____twitch_tv_qiqi_impact.py,2024-06-01 23:15:52 -0400,1717298152
submissions/352____terranw.java,2024-06-01 23:10:51 -0400,1717297851
submissions/353____Maillew.cpp,2024-06-01 23:15:53 -0400,1717298153
submissions/354____cheemsRastogi.cpp,2024-06-01 23:20:54 -0400,1717298454
submissions/355____ace_Coder121.cpp,2024-06-01 23:25:57 -0400,1717298757
submissions/356____andrewgopher.cpp,2024-06-01 23:16:02 -0400,1717298162
submissions/357____Ayanerru.cpp,2024-06-01 23:26:02 -0400,1717298762
submissions/358____bdyby011121.cpp,2024-06-01 23:26:09 -0400,1717298769
submissions/359____jakao.cpp,2024-06-01 23:16:10 -0400,1717298170
submissions/360____devangsvaghani.cpp,2024-06-01 23:16:14 -0400,1717298174
submissions/361____ToTea.cpp,2024-06-01 23:16:19 -0400,1717298179
submissions/362____j_choudhary.java,2024-06-01 23:26:22 -0400,1717298782
submissions/363____amitnehra060.cpp,2024-06-01 23:16:24 -0400,1717298184
submissions/364____williamliu6.py,2024-06-01 23:16:26 -0400,1717298186
submissions/365____hkhzzz.cpp,2024-06-01 23:11:33 -0400,1717297893
submissions/366____mhwg.cpp,2024-06-01 23:01:34 -0400,1717297294
submissions/367____rathoreatul27.cpp,2024-06-01 23:26:37 -0400,1717298797
submissions/368____CoderAbhi27.cpp,2024-06-01 23:21:42 -0400,1717298502
submissions/369____Navodayan.cpp,2024-06-01 23:21:49 -0400,1717298509
submissions/370____ryanlin118.cpp,2024-06-01 23:27:04 -0400,1717298824
submissions/371____hope_ma.py,2024-06-01 23:27:11 -0400,1717298831
submissions/372____Decision.java,2024-06-01 23:22:13 -0400,1717298533
submissions/373____Googlehsiehh.java,2024-06-01 23:27:14 -0400,1717298834
submissions/374____rastsislau.cpp,2024-06-01 23:27:15 -0400,1717298835
submissions/375____echen5503.py,2024-06-01 23:07:16 -0400,1717297636
submissions/376____WeimingZheng.py,2024-06-01 23:22:18 -0400,1717298538
submissions/377____rukt.py,2024-06-01 23:07:19 -0400,1717297639
submissions/378____ljs7619480.cpp,2024-06-01 23:27:22 -0400,1717298842
submissions/379____Amrharb.cpp,2024-06-01 23:05:50 -0400,1717297550
submissions/380____amangupta2152.cpp,2024-06-01 22:56:13 -0400,1717296973
submissions/381____atulsoam5.cpp,2024-06-01 23:17:45 -0400,1717298265
submissions/382____yeshsingh.cpp,2024-06-01 23:27:45 -0400,1717298865
submissions/383____bnkalya1502.cpp,2024-06-01 23:17:48 -0400,1717298268
submissions/384____lcs2019022.cpp,2024-06-01 23:22:52 -0400,1717298572
submissions/385____LGM70.java,2024-06-01 23:17:52 -0400,1717298272
submissions/386____M-Manas-s.cpp,2024-06-01 23:22:54 -0400,1717298574
submissions/387____guardian01.cpp,2024-06-01 23:17:58 -0400,1717298278
submissions/388____y-c.cpp,2024-06-01 23:18:00 -0400,1717298280
submissions/389____AtulKeshari.cpp,2024-06-01 23:23:01 -0400,1717298581
submissions/390____rupa6.cpp,2024-06-01 23:18:05 -0400,1717298285
submissions/391____Rising_star6.cpp,2024-06-01 23:18:07 -0400,1717298287
submissions/392____HarshSaboo777.cpp,2024-06-01 23:28:13 -0400,1717298893
submissions/393____pandey__amit.cpp,2024-06-01 23:23:28 -0400,1717298608
submissions/394____icherniukh.py,2024-06-01 23:23:28 -0400,1717298608
submissions/395____ampish.cpp,2024-06-01 23:13:28 -0400,1717298008
submissions/396____stay_humble.cpp,2024-06-01 23:18:29 -0400,1717298309
submissions/397____Binary_Sirius.cpp,2024-06-01 23:23:35 -0400,1717298615
submissions/398_____otto.py,2024-06-01 23:08:37 -0400,1717297717
submissions/399____Abhishek12115047.cpp,2024-06-01 23:18:43 -0400,1717298323
submissions/400____Xiao__Jun.cpp,2024-06-01 23:23:44 -0400,1717298624
submissions/401____pgl7.py,2024-06-01 23:28:54 -0400,1717298934
submissions/402____andy-lc.kt,2024-06-01 23:29:01 -0400,1717298941
submissions/403____user0729q.cpp,2024-06-01 23:19:03 -0400,1717298343
submissions/404____dinusX.py,2024-06-01 23:19:12 -0400,1717298352
submissions/405____RedHeadphone.cpp,2024-06-01 23:09:15 -0400,1717297755
submissions/406____penguinhacker.cpp,2024-06-01 23:12:30 -0400,1717297950
submissions/407____mastoori1234.cpp,2024-06-01 22:56:53 -0400,1717297013
submissions/408____anupam_ghosh.cpp,2024-06-01 23:13:34 -0400,1717298014
submissions/409____justDummy.cpp,2024-06-01 23:14:24 -0400,1717298064
submissions/410____thesycat.py,2024-06-01 23:19:26 -0400,1717298366
submissions/411____cynic_8122.py,2024-06-01 23:19:29 -0400,1717298369
submissions/412____dongzhi0.cpp,2024-06-01 23:24:31 -0400,1717298671
submissions/413____user0747oJ.kt,2024-06-01 23:24:34 -0400,1717298674
submissions/414____Shreyansh2311.cpp,2024-06-01 23:02:07 -0400,1717297327
submissions/415____umang_20.cpp,2024-06-01 23:29:40 -0400,1717298980
submissions/416____tinku_vishnu.java,2024-06-01 23:29:40 -0400,1717298980
submissions/417____gamer37.cpp,2024-06-01 23:29:43 -0400,1717298983
submissions/418____MdAbedin.py,2024-06-01 23:29:43 -0400,1717298983
submissions/419____CreedBratton.cpp,2024-06-01 23:24:51 -0400,1717298691
submissions/420____coder_12346.cpp,2024-06-01 23:24:52 -0400,1717298692
submissions/421____baby810321.cpp,2024-06-01 23:29:57 -0400,1717298997
submissions/422____hetvikgoel2021.py,2024-06-01 23:30:04 -0400,1717299004
submissions/423____Drunkenstein002.java,2024-06-01 23:25:07 -0400,1717298707
submissions/424____jason7708.cpp,2024-06-01 23:20:09 -0400,1717298409
submissions/425____gwdyxxzl.py,2024-06-01 23:20:11 -0400,1717298411
submissions/426____kartikeyy.cpp,2024-06-01 23:25:14 -0400,1717298714
submissions/427____bibhudattapanigrahi0.py,2024-06-01 23:25:19 -0400,1717298719
submissions/428____gaoyf1235.cpp,2024-06-01 23:30:22 -0400,1717299022
submissions/429____mohitmndr.cpp,2024-06-01 23:30:29 -0400,1717299029
submissions/430____roygaurav2004.cpp,2024-06-01 23:30:32 -0400,1717299032
submissions/431____ja235711.cpp,2024-06-01 23:25:33 -0400,1717298733
submissions/432____RahulAhuja2901.java,2024-06-01 23:20:39 -0400,1717298439
submissions/433____ProveMeRight.cpp,2024-06-01 23:25:41 -0400,1717298741
submissions/434____dharavivek.java,2024-06-01 23:30:51 -0400,1717299051
submissions/435____kzyKT.cpp,2024-06-01 23:10:52 -0400,1717297852
submissions/436____tomarint.rs,2024-06-01 23:20:52 -0400,1717298452
submissions/437____twoplusthree.cpp,2024-06-01 23:20:58 -0400,1717298458
submissions/438____JumHorn.cpp,2024-06-01 23:16:04 -0400,1717298164
submissions/439____PrepAcc.cpp,2024-06-01 23:16:05 -0400,1717298165
submissions/440____sazzysaturn.cpp,2024-06-01 23:21:07 -0400,1717298467
submissions/441____roshan_kumar_verma.cpp,2024-06-01 23:31:09 -0400,1717299069
submissions/442____valak_.cpp,2024-06-01 23:31:10 -0400,1717299070
submissions/443____kunalphalswal.cpp,2024-06-01 23:21:14 -0400,1717298474
submissions/444____whynot4.java,2024-06-01 23:21:15 -0400,1717298475
submissions/445____iamhsr.cpp,2024-06-01 23:25:51 -0400,1717298751
submissions/446____Golu-bhai.cpp,2024-06-01 23:21:21 -0400,1717298481
submissions/447____ritikjainrj18.cpp,2024-06-01 23:17:00 -0400,1717298220
submissions/448____coderchamp07.cpp,2024-06-01 23:21:35 -0400,1717298495
submissions/449____colecantcode.cpp,2024-06-01 23:16:37 -0400,1717298197
submissions/450____Belgutei0323.cpp,2024-06-01 23:21:43 -0400,1717298503
submissions/451____BitWizz.cpp,2024-06-01 23:31:46 -0400,1717299106
submissions/452____a0518.cpp,2024-06-01 23:11:48 -0400,1717297908
submissions/453____nmjkiuo.cpp,2024-06-01 23:26:52 -0400,1717298812
submissions/454____VarunR.cpp,2024-06-01 23:06:55 -0400,1717297615
submissions/455____naman05022002.cpp,2024-06-01 23:22:00 -0400,1717298520
submissions/456____aryan_pundir.cpp,2024-06-01 23:27:08 -0400,1717298828
submissions/457____Sundae2608.py,2024-06-01 23:32:10 -0400,1717299130
submissions/458____nicolasalba.cpp,2024-06-01 23:12:12 -0400,1717297932
submissions/459____dadboss.cpp,2024-06-01 23:22:14 -0400,1717298534
submissions/460____NDR0216.cpp,2024-06-01 23:22:16 -0400,1717298536
submissions/461____ssp_2000.cpp,2024-06-01 23:27:22 -0400,1717298842
submissions/462____Sagar_Goel.cpp,2024-06-01 23:32:40 -0400,1717299160
submissions/463____21Cash.cpp,2024-06-01 23:22:42 -0400,1717298562
submissions/464____power1011.cpp,2024-06-01 23:32:43 -0400,1717299163
submissions/465____jmyanxiang.py,2024-06-01 23:22:44 -0400,1717298564
submissions/466____Abhijith8.cpp,2024-06-01 23:22:50 -0400,1717298570
submissions/467____user9168lk.cpp,2024-06-01 23:32:58 -0400,1717299178
submissions/468____satyabratojha04.cpp,2024-06-01 23:28:00 -0400,1717298880
submissions/469____Anonymous_235940.cpp,2024-06-01 23:23:02 -0400,1717298582
submissions/470____hellraiser666.cpp,2024-06-01 23:23:04 -0400,1717298584
submissions/471____georgopol101.cpp,2024-06-01 23:28:04 -0400,1717298884
submissions/472____kunal0612.cpp,2024-06-01 23:28:07 -0400,1717298887
submissions/473____ronitnanwani.cpp,2024-06-01 23:18:14 -0400,1717298294
submissions/474____3727.cpp,2024-06-01 23:23:14 -0400,1717298594
submissions/475____yuvraj_k.cpp,2024-06-01 23:23:21 -0400,1717298601
submissions/476____Krishanu_7.cpp,2024-06-01 23:23:27 -0400,1717298607
submissions/477____icemore.py,2024-06-01 23:28:29 -0400,1717298909
submissions/478____mfujwiara.py,2024-06-01 23:28:32 -0400,1717298912
submissions/479____rp3601.cpp,2024-06-01 23:28:34 -0400,1717298914
submissions/480____MRITuhin.cpp,2024-06-01 23:33:38 -0400,1717299218
submissions/481____Harsh1610.cpp,2024-06-01 23:23:38 -0400,1717298618
submissions/482____thirdbest.cpp,2024-06-01 23:28:39 -0400,1717298919
submissions/483____vivekvar_19.cpp,2024-06-01 23:18:40 -0400,1717298320
submissions/484____Ivan_len.cpp,2024-06-01 23:08:42 -0400,1717297722
submissions/485____u77.py,2024-06-01 23:33:43 -0400,1717299223
submissions/486____LarryNY.cpp,2024-06-01 23:18:44 -0400,1717298324
submissions/487____N_E_E_R_A_J.cpp,2024-06-01 23:18:44 -0400,1717298324
submissions/488____khemendra123b.cpp,2024-06-01 23:33:53 -0400,1717299233
submissions/489____flowing.java,2024-06-01 23:28:56 -0400,1717298936
submissions/490____rishabhteli14.cpp,2024-06-01 23:28:57 -0400,1717298937
submissions/491____dharmaraghavasaishashank.cpp,2024-06-01 23:28:59 -0400,1717298939
submissions/492____Hogwartsss.py,2024-06-01 23:29:02 -0400,1717298942
submissions/493____yag313.py,2024-06-01 23:29:04 -0400,1717298944
submissions/494____shivanshudixit16.py,2024-06-01 23:14:05 -0400,1717298045
submissions/495____Satyam_86770.cpp,2024-06-01 23:19:06 -0400,1717298346
submissions/496____ankushkhanna1998.cpp,2024-06-01 23:34:08 -0400,1717299248
submissions/497____eyfmharb.cpp,2024-06-01 23:24:10 -0400,1717298650
submissions/498____sachinbarupal.cpp,2024-06-01 23:14:10 -0400,1717298050
submissions/499____Astitva1508.cpp,2024-06-01 23:24:11 -0400,1717298651
submissions/500____ZEON3099.cpp,2024-06-01 23:29:12 -0400,1717298952
submissions/501____samonkeys.cpp,2024-06-01 23:34:15 -0400,1717299255
submissions/502____wwwap.kt,2024-06-01 23:29:16 -0400,1717298956
submissions/503____xiaoping3418.cpp,2024-06-01 23:34:19 -0400,1717299259
submissions/504____yashvardhan07.cpp,2024-06-01 23:19:21 -0400,1717298361
submissions/505____iwnRwfzapZ.py,2024-06-01 23:14:22 -0400,1717298062
submissions/506____looneyd_noob.cpp,2024-06-01 23:29:22 -0400,1717298962
submissions/507____Time-limit-exceed.cpp,2024-06-01 23:24:31 -0400,1717298671
submissions/508____ppv_07122004.cpp,2024-06-01 23:24:40 -0400,1717298680
submissions/509____gdstw.cpp,2024-06-01 23:19:43 -0400,1717298383
submissions/510____snamy520.rs,2024-06-01 23:29:44 -0400,1717298984
submissions/511____Mahesh_singh_11.cpp,2024-06-01 23:24:52 -0400,1717298692
submissions/512____ddstarynight.cpp,2024-06-01 23:24:53 -0400,1717298693
submissions/513____fizhim.rs,2024-06-01 23:34:55 -0400,1717299295
submissions/514____vermachakshu.cpp,2024-06-01 23:29:57 -0400,1717298997
submissions/515____mahesh_0708.cpp,2024-06-01 23:34:57 -0400,1717299297
submissions/516____gaurdarpan.cpp,2024-06-01 23:35:00 -0400,1717299300
submissions/517____anujdhillxn.cpp,2024-06-01 23:13:37 -0400,1717298017
submissions/518____mailtoramchhabra.cpp,2024-06-01 23:20:04 -0400,1717298404
submissions/519____lilydenris.cpp,2024-06-01 23:20:12 -0400,1717298412
submissions/520____Anuj_Ag.cpp,2024-06-01 23:25:14 -0400,1717298714
submissions/521____randytanpty.java,2024-06-01 23:35:14 -0400,1717299314
submissions/522____av_03.cpp,2024-06-01 23:25:22 -0400,1717298722
submissions/523____kotharirahil9.cpp,2024-06-01 23:20:33 -0400,1717298433
submissions/524____bouceback07.cpp,2024-06-01 23:15:41 -0400,1717298141
submissions/525____surajprajapati555.cpp,2024-06-01 23:25:42 -0400,1717298742
submissions/526____prateekg603.cpp,2024-06-01 23:25:44 -0400,1717298744
submissions/527____ds1354584.cpp,2024-06-01 23:20:50 -0400,1717298450
submissions/528____Nelson84.cpp,2024-06-01 23:25:59 -0400,1717298759
submissions/529____yashkumar9158.cpp,2024-06-01 23:30:59 -0400,1717299059
submissions/530____democoffee.py,2024-06-01 23:26:01 -0400,1717298761
submissions/531____OneMore14.rs,2024-06-01 23:31:06 -0400,1717299066
submissions/532____Tanguilol.java,2024-06-01 23:21:10 -0400,1717298470
submissions/533____sahild2003.kt,2024-06-01 23:31:26 -0400,1717299086
submissions/534____Wolfester.cpp,2024-06-01 23:26:16 -0400,1717298776
submissions/535____Needhi.cpp,2024-06-01 23:21:42 -0400,1717298502
submissions/536____impiry.cs,2024-06-01 23:31:19 -0400,1717299079
submissions/537____prakhar__py.cpp,2024-06-01 23:31:22 -0400,1717299082
submissions/538____salyu.cpp,2024-06-01 23:26:28 -0400,1717298788
submissions/539____CompileErrorAutomaton.java,2024-06-01 23:26:29 -0400,1717298789
submissions/540____mananghetia.cpp,2024-06-01 23:26:29 -0400,1717298789
submissions/541____Rainingcity.cpp,2024-06-01 23:11:37 -0400,1717297897
submissions/542____AlgorithmicSage.cpp,2024-06-01 23:26:38 -0400,1717298798
submissions/543____games_of_code.cpp,2024-06-01 23:36:39 -0400,1717299399
submissions/544____venkatasai24.cpp,2024-06-01 23:36:41 -0400,1717299401
submissions/545____ard001.cpp,2024-06-01 22:51:33 -0400,1717296693
submissions/546____adrakChai.cpp,2024-06-01 23:36:47 -0400,1717299407
submissions/547____manojkumar2412.cpp,2024-06-01 23:26:51 -0400,1717298811
submissions/548____votrubac.cpp,2024-06-01 23:26:53 -0400,1717298813
submissions/549____pulkit31997.java,2024-06-01 23:27:00 -0400,1717298820
submissions/550____yangxm.cpp,2024-06-01 23:22:02 -0400,1717298522
submissions/551____Rodger2041.cpp,2024-06-01 23:32:04 -0400,1717299124
submissions/552____b03201008.py,2024-06-01 23:22:06 -0400,1717298526
submissions/553____Siddharth1411.cpp,2024-06-01 23:27:07 -0400,1717298827
submissions/554____enigma3oo4.cpp,2024-06-01 22:48:45 -0400,1717296525
submissions/555____krishrb2517.cpp,2024-06-01 23:22:12 -0400,1717298532
submissions/556____kexunz1.py,2024-06-01 23:22:16 -0400,1717298536
submissions/557____rpsingh21.py,2024-06-01 23:27:18 -0400,1717298838
submissions/558____amangaya21.cpp,2024-06-01 23:32:24 -0400,1717299144
submissions/559____Pikachu_007.cpp,2024-06-01 23:27:25 -0400,1717298845
submissions/560____2499370956.java,2024-06-01 23:22:28 -0400,1717298548
submissions/561____isheoran.cpp,2024-06-01 23:27:30 -0400,1717298850
submissions/562____LOLwuliao.go,2024-06-01 23:32:31 -0400,1717299151
submissions/563____harshit_jain52.cpp,2024-06-01 23:32:32 -0400,1717299152
submissions/564_____Universal_.cpp,2024-06-01 23:32:34 -0400,1717299154
submissions/565____Amit_321.cpp,2024-06-01 23:27:34 -0400,1717298854
submissions/566____Me_Noob_Sir.cpp,2024-06-01 23:37:34 -0400,1717299454
submissions/567____faangPro.cpp,2024-06-01 23:37:38 -0400,1717299458
submissions/568____40547011S.cpp,2024-06-01 23:27:41 -0400,1717298861
submissions/569____DevSahani.cpp,2024-06-01 23:37:43 -0400,1717299463
submissions/570____qwertyish.cpp,2024-06-01 23:17:46 -0400,1717298266
submissions/571____20481A5432.cpp,2024-06-01 23:37:52 -0400,1717299472
submissions/572____shrana_ak.cpp,2024-06-01 23:27:52 -0400,1717298872
submissions/573____ansh_iet_22.cpp,2024-06-01 23:27:59 -0400,1717298879
submissions/574____bhaskar_op.cpp,2024-06-01 23:18:03 -0400,1717298283
submissions/575____karthikeysaxena.cpp,2024-06-01 23:33:07 -0400,1717299187
submissions/576____goldenland.cpp,2024-06-01 23:33:23 -0400,1717299203
submissions/577____ria_19.cpp,2024-06-01 23:28:27 -0400,1717298907
submissions/578____tusharvarkhede363.cpp,2024-06-01 23:18:30 -0400,1717298310
submissions/579____user3593Z.java,2024-06-01 23:13:32 -0400,1717298012
submissions/580____maheshraju2020.py,2024-06-01 23:28:37 -0400,1717298917
submissions/581____hanzhoutang.cpp,2024-06-01 23:33:47 -0400,1717299227
submissions/582____Sahu1402.cpp,2024-06-01 23:23:51 -0400,1717298631
submissions/583____Megatron_07.cpp,2024-06-01 23:33:51 -0400,1717299231
submissions/584____HahahaHihihi.cpp,2024-06-01 23:23:56 -0400,1717298636
submissions/585____RustyKitten.py,2024-06-01 23:18:56 -0400,1717298336
submissions/586____AminFahiminia.py,2024-06-01 23:24:06 -0400,1717298646
submissions/587____yhkuo41.cpp,2024-06-01 23:39:06 -0400,1717299546
submissions/588____anain829.cpp,2024-06-01 23:34:11 -0400,1717299251
submissions/589____bluesky999.java,2024-06-01 23:19:56 -0400,1717298396
submissions/590____Rudranil_Acharya.cpp,2024-06-01 23:24:11 -0400,1717298651
submissions/591____aragorn1025.py,2024-06-01 23:39:13 -0400,1717299553
submissions/592____gouthampokes.cpp,2024-06-01 23:14:43 -0400,1717298083
submissions/593____louisfghbvc.cpp,2024-06-01 23:29:03 -0400,1717298943
submissions/594____andriybuday.java,2024-06-01 23:34:15 -0400,1717299255
submissions/595____CheriBhai.cpp,2024-06-01 23:24:16 -0400,1717298656
submissions/596____yash23kr.cpp,2024-06-01 23:29:16 -0400,1717298956
submissions/597____harsh32200216.cpp,2024-06-01 23:39:17 -0400,1717299557
submissions/598____prince9898.java,2024-06-01 23:29:18 -0400,1717298958
submissions/599____Govind_Singh_2003.cpp,2024-06-01 23:34:18 -0400,1717299258
submissions/600____kkd2005.py,2024-06-01 23:34:22 -0400,1717299262
submissions/601____thedark_JS.cpp,2024-06-01 23:29:27 -0400,1717298967
submissions/602____Qba101.py,2024-06-01 23:39:28 -0400,1717299568
submissions/603____nps0706.cpp,2024-06-01 23:34:37 -0400,1717299277
submissions/604____user4607v.java,2024-06-01 23:24:41 -0400,1717298681
submissions/605____Pankajkumar21.cpp,2024-06-01 23:05:21 -0400,1717297521
submissions/606____I_have_learn.cpp,2024-06-01 23:40:00 -0400,1717299600
submissions/607____DivyanshJain2003.cpp,2024-06-01 23:30:03 -0400,1717299003
submissions/608____SaHiL7264.cpp,2024-06-01 23:35:03 -0400,1717299303
submissions/609____prasuk_jain08.cpp,2024-06-01 23:35:03 -0400,1717299303
submissions/610____lllxin037.java,2024-06-01 23:25:08 -0400,1717298708
submissions/611____raincoat911.cpp,2024-06-01 23:25:17 -0400,1717298717
submissions/612____UserNameZ.cpp,2024-06-01 23:30:18 -0400,1717299018
submissions/613____PravinGlitch02.java,2024-06-01 23:30:21 -0400,1717299021
submissions/614____PeterChenX.cpp,2024-06-01 23:30:22 -0400,1717299022
submissions/615____AaryanSaraswat.cpp,2024-06-01 23:30:25 -0400,1717299025
submissions/616____suyasho786.py,2024-06-01 23:40:26 -0400,1717299626
submissions/617____rupaparasmit.cpp,2024-06-01 23:30:27 -0400,1717299027
submissions/618____wayjiang.cpp,2024-06-01 23:40:29 -0400,1717299629
submissions/619____SCP5514_Dragonslayer.cpp,2024-06-01 23:25:11 -0400,1717298711
submissions/620____sankalps19.py,2024-06-01 23:40:45 -0400,1717299645
submissions/621____endless_mercury.cpp,2024-06-01 23:30:58 -0400,1717299058
submissions/622____samarth_717.cpp,2024-06-01 23:40:59 -0400,1717299659
submissions/623____sshreyy_.cpp,2024-06-01 23:31:07 -0400,1717299067
submissions/624____notSayeef.cpp,2024-06-01 23:21:21 -0400,1717298481
submissions/625____Samuel3Shin.cpp,2024-06-01 23:36:34 -0400,1717299394
submissions/626____being_sukham.cpp,2024-06-01 23:41:34 -0400,1717299694
submissions/627____Giri_27.cpp,2024-06-01 23:36:35 -0400,1717299395
submissions/628____codeanand17.java,2024-06-01 23:36:40 -0400,1717299400
submissions/629____baegopayo.cpp,2024-06-01 23:41:41 -0400,1717299701
submissions/630____astromaster.cpp,2024-06-01 23:31:57 -0400,1717299117
submissions/631____manikiran949.cpp,2024-06-01 23:37:01 -0400,1717299421
submissions/632_____lemonjuice_.cpp,2024-06-01 23:32:11 -0400,1717299131
submissions/633____XRancher_1232.cpp,2024-06-01 23:32:13 -0400,1717299133
submissions/634____saikat93ify.cpp,2024-06-01 23:09:55 -0400,1717297795
submissions/635____aditya_0670.cpp,2024-06-01 23:42:18 -0400,1717299738
submissions/636____HeroKillerEver.cpp,2024-06-01 23:42:18 -0400,1717299738
submissions/637____gjenus.cpp,2024-06-01 23:32:19 -0400,1717299139
submissions/638____jtcheng26.cpp,2024-06-01 23:17:54 -0400,1717298274
submissions/639____whoawhoawhoa.java,2024-06-01 23:27:26 -0400,1717298846
submissions/640____gavd87.cpp,2024-06-01 23:21:59 -0400,1717298519
submissions/641____lapdot.py,2024-06-01 23:42:32 -0400,1717299752
submissions/642____birenamanta.java,2024-06-01 23:37:45 -0400,1717299465
submissions/643____20240627.i_Wont_Fake_It.cpp,2024-06-01 23:27:46 -0400,1717298866
submissions/644____LQnVRuiNVr.py,2024-06-01 23:27:55 -0400,1717298875
submissions/645____akg7227.cpp,2024-06-01 23:03:16 -0400,1717297396
submissions/646____mark_contest.py,2024-06-01 23:33:00 -0400,1717299180
submissions/647____zsq007.py,2024-06-01 23:18:01 -0400,1717298281
submissions/648____superspazz.java,2024-06-01 23:43:04 -0400,1717299784
submissions/649____ctnya_8135.cpp,2024-06-01 23:23:04 -0400,1717298584
submissions/650____navkar98.py,2024-06-01 23:33:05 -0400,1717299185
submissions/651____kumark6769704.cpp,2024-06-01 23:20:40 -0400,1717298440
submissions/652____abhisheksoni125.cpp,2024-06-01 23:29:54 -0400,1717298994
submissions/653____ContestHacker007.cpp,2024-06-01 23:43:08 -0400,1717299788
submissions/654____Tree121.cpp,2024-06-01 23:28:12 -0400,1717298892
submissions/655____beta-blue.cpp,2024-06-01 23:33:12 -0400,1717299192
submissions/656____mrunankmistry52.cpp,2024-06-01 23:28:13 -0400,1717298893
submissions/657____jerry5841314.cpp,2024-06-01 23:43:17 -0400,1717299797
submissions/658____prakharjain256.cpp,2024-06-01 23:38:18 -0400,1717299498
submissions/659____Fkaiser7.cpp,2024-06-01 23:33:23 -0400,1717299203
submissions/660____kyuukyuusha.cpp,2024-06-01 23:23:23 -0400,1717298603
submissions/661____HariShankarKarthik.cpp,2024-06-01 23:43:28 -0400,1717299808
submissions/662____Vintage18.cpp,2024-06-01 23:21:30 -0400,1717298490
submissions/663____user3491Nu.cpp,2024-06-01 23:38:35 -0400,1717299515
submissions/664____bhupeshby25.cpp,2024-06-01 23:28:35 -0400,1717298915
submissions/665____BattlerRein.java,2024-06-01 23:43:35 -0400,1717299815
submissions/666____saoieinonasd.cpp,2024-06-01 23:33:41 -0400,1717299221
submissions/667____samarthgattu.cpp,2024-06-01 23:28:47 -0400,1717298927
submissions/668____testimony2014.cpp,2024-06-01 23:38:48 -0400,1717299528
submissions/669____Java_Programmer_Ujjwal.java,2024-06-01 23:43:55 -0400,1717299835
submissions/670____kremater.cpp,2024-06-01 23:23:59 -0400,1717298639
submissions/671____yaoyi92.cpp,2024-06-01 23:29:02 -0400,1717298942
submissions/672____Showman_7112.cpp,2024-06-01 23:34:07 -0400,1717299247
submissions/673____bruhmoment2000.cpp,2024-06-01 23:39:14 -0400,1717299554
submissions/674____rkrohit123.cpp,2024-06-01 23:44:18 -0400,1717299858
submissions/675____anon_11.cpp,2024-06-01 23:29:21 -0400,1717298961
submissions/676____codebush.cpp,2024-06-01 23:39:28 -0400,1717299568
submissions/677____animeshnath.java,2024-06-01 23:39:32 -0400,1717299572
submissions/678____Prajjawal_Agrahari.cpp,2024-06-01 23:39:43 -0400,1717299583
submissions/679____aryaman_ranjit.cpp,2024-06-01 23:34:49 -0400,1717299289
submissions/680____shubh08am.cpp,2024-06-01 23:44:00 -0400,1717299840
submissions/681____harpreet1237.cpp,2024-06-01 23:29:51 -0400,1717298991
submissions/682____Abhimanyu_185724.cpp,2024-06-01 23:34:52 -0400,1717299292
submissions/683____obbareddyleelasai.cpp,2024-06-01 23:35:05 -0400,1717299305
submissions/684____puktt.cpp,2024-06-01 23:13:44 -0400,1717298024
submissions/685____ameysh2511.cpp,2024-06-01 23:30:08 -0400,1717299008
submissions/686____hero777.cpp,2024-06-01 23:35:08 -0400,1717299308
submissions/687____Ani_S.java,2024-06-01 23:30:13 -0400,1717299013
submissions/688____tanishkumar15391709.cpp,2024-06-01 23:40:31 -0400,1717299631
submissions/689____timetoai.py,2024-06-01 23:25:51 -0400,1717298751
submissions/690____1rishu.cpp,2024-06-01 23:45:52 -0400,1717299952
submissions/691____pikapika123.cpp,2024-06-01 23:20:52 -0400,1717298452
submissions/692____SmitK.cpp,2024-06-01 23:30:56 -0400,1717299056
submissions/693____satyambansal183.cpp,2024-06-01 23:40:59 -0400,1717299659
submissions/694____AshishLimitless.cpp,2024-06-01 23:41:03 -0400,1717299663
submissions/695____insomniacat.cpp,2024-06-01 23:41:03 -0400,1717299663
submissions/696____Dengxj.cpp,2024-06-01 23:36:08 -0400,1717299368
submissions/697____Rajdeep_Nagar.cpp,2024-06-01 23:41:11 -0400,1717299671
submissions/698____saurabh600.cpp,2024-06-01 23:13:44 -0400,1717298024
submissions/699____yumichael.py,2024-06-01 23:41:13 -0400,1717299673
submissions/700____rajanand18.cpp,2024-06-01 23:31:16 -0400,1717299076
submissions/701____NoswellSowen.py,2024-06-01 23:21:19 -0400,1717298479
submissions/702____macuadros.cpp,2024-06-01 23:36:23 -0400,1717299383
submissions/703____XxFALCONxX.cpp,2024-06-01 23:21:27 -0400,1717298487
submissions/704____potatoY.py,2024-06-01 23:46:35 -0400,1717299995
submissions/705____Likey_00.py,2024-06-01 23:31:37 -0400,1717299097
submissions/706____sameershreyas13.cpp,2024-06-01 23:41:39 -0400,1717299699
submissions/707____chetan_saini21.cpp,2024-06-01 23:31:43 -0400,1717299103
submissions/708____bhardwajpulkit910.py,2024-06-01 23:36:44 -0400,1717299404
submissions/709_____manishh12.cpp,2024-06-01 23:21:44 -0400,1717298504
submissions/710____Sandhee777.cpp,2024-06-01 23:36:47 -0400,1717299407
submissions/711____Parv__12__.cpp,2024-06-01 23:31:48 -0400,1717299108
submissions/712____jusdoit.java,2024-06-01 23:46:48 -0400,1717300008
submissions/713____Umesh2095.java,2024-06-01 23:41:54 -0400,1717299714
submissions/714____bhlluk.py,2024-06-01 23:41:54 -0400,1717299714
submissions/715____sky7drake.py,2024-06-01 23:46:34 -0400,1717299994
submissions/716____jithin420.py,2024-06-01 23:37:06 -0400,1717299426
submissions/717____Yao_Yin.cpp,2024-06-01 23:27:09 -0400,1717298829
submissions/718____khalil192.cpp,2024-06-01 23:37:10 -0400,1717299430
submissions/719____oOoOoOoOo.py,2024-06-01 23:37:10 -0400,1717299430
submissions/720____learncode8888.py,2024-06-01 23:47:20 -0400,1717300040
submissions/721____minkiw146.py,2024-06-01 23:32:24 -0400,1717299144
submissions/722_____h_raj43.cpp,2024-06-01 23:47:27 -0400,1717300047
submissions/723____Doodh.cpp,2024-06-01 23:37:27 -0400,1717299447
submissions/724____prateek_saxena.cpp,2024-06-01 23:37:32 -0400,1717299452
submissions/725____Ruipeng97.java,2024-06-01 23:37:32 -0400,1717299452
submissions/726____praveenseervi5678.cpp,2024-06-01 23:27:35 -0400,1717298855
submissions/727____duyvt6663.cpp,2024-06-01 23:37:37 -0400,1717299457
submissions/728____Pratt007.cpp,2024-06-01 23:47:37 -0400,1717300057
submissions/729____pranil27.cpp,2024-06-01 23:42:43 -0400,1717299763
submissions/730____rits_rj.cpp,2024-06-01 23:47:45 -0400,1717300065
submissions/731____Amandeep121.cpp,2024-06-01 23:42:48 -0400,1717299768
submissions/732____dhQ9olDGkC.cpp,2024-06-01 23:32:54 -0400,1717299174
submissions/733____Tutul_dhar.cpp,2024-06-01 23:37:56 -0400,1717299476
submissions/734____Jyotheeswar.cpp,2024-06-01 23:37:56 -0400,1717299476
submissions/735____sepehry.cpp,2024-06-01 23:28:00 -0400,1717298880
submissions/736____sarvagya2545.cpp,2024-06-01 23:43:10 -0400,1717299790
submissions/737____Gen307.py,2024-06-01 23:33:19 -0400,1717299199
submissions/738____okbhr209.cpp,2024-06-01 23:28:26 -0400,1717298906
submissions/739____letsseeshallwe.cpp,2024-06-01 23:43:28 -0400,1717299808
submissions/740____enots43.cpp,2024-06-01 23:38:34 -0400,1717299514
submissions/741____unknown_ajay.cpp,2024-06-01 23:38:36 -0400,1717299516
submissions/742____jgorton.py,2024-06-01 23:43:53 -0400,1717299833
submissions/743____Demo_KS153.cpp,2024-06-01 23:28:03 -0400,1717298883
submissions/744____Puneet7373.cpp,2024-06-01 23:38:57 -0400,1717299537
submissions/745____kmram0908.py,2024-06-01 23:48:59 -0400,1717300139
submissions/746____sakaoka.cpp,2024-06-01 23:44:04 -0400,1717299844
submissions/747____SanketGode.cpp,2024-06-01 23:44:06 -0400,1717299846
submissions/748____singlapriyanka013.java,2024-06-01 23:39:07 -0400,1717299547
submissions/749____realstar.java,2024-06-01 23:39:07 -0400,1717299547
submissions/750____Arjit_Khare.cpp,2024-06-01 23:44:08 -0400,1717299848
submissions/751____mr_kamran.cpp,2024-06-01 23:39:10 -0400,1717299550
submissions/752____SimardeepSingh1450.cpp,2024-06-01 23:44:11 -0400,1717299851
submissions/753____absolute-mess.cpp,2024-06-01 23:44:12 -0400,1717299852
submissions/754____evanhe1.cpp,2024-06-01 23:44:19 -0400,1717299859
submissions/755____Ritu8299.cpp,2024-06-01 23:44:22 -0400,1717299862
submissions/756____ocavue.py,2024-06-01 23:39:23 -0400,1717299563
submissions/757____agix.cpp,2024-06-01 23:39:24 -0400,1717299564
submissions/758____g0kul08.cpp,2024-06-01 23:34:28 -0400,1717299268
submissions/759____fakrrid.cpp,2024-06-01 23:44:33 -0400,1717299873
submissions/760____Ashu_2204.cpp,2024-06-01 23:24:37 -0400,1717298677
submissions/761____bitwizz21.cpp,2024-06-01 22:41:20 -0400,1717296080
submissions/762____techtushar2002.cpp,2024-06-01 23:44:47 -0400,1717299887
submissions/763____ardekarsanket.cpp,2024-06-01 23:18:26 -0400,1717298306
submissions/764____x_divyansh.cpp,2024-06-01 23:39:50 -0400,1717299590
submissions/765____ziyu_h.java,2024-06-01 23:47:55 -0400,1717300075
submissions/766_____shivaay_.cpp,2024-06-01 23:34:57 -0400,1717299297
submissions/767____dhananjaymadhukarrathod2003.cpp,2024-06-01 23:45:03 -0400,1717299903
submissions/768____vedantmishra69.py,2024-06-01 23:45:07 -0400,1717299907
submissions/769____park29.py,2024-06-01 23:45:08 -0400,1717299908
submissions/770____sveng101.py,2024-06-01 23:45:08 -0400,1717299908
submissions/771____namhn89.cpp,2024-06-01 23:30:09 -0400,1717299009
submissions/772____BhupinderJ.cpp,2024-06-01 23:25:10 -0400,1717298710
submissions/773____zucrose.cpp,2024-06-01 23:45:10 -0400,1717299910
submissions/774____fenwick-tree.cpp,2024-06-01 23:18:02 -0400,1717298282
submissions/775____mintujupally.cpp,2024-06-01 23:50:15 -0400,1717300215
submissions/776____Z3ROsum.cpp,2024-06-01 23:50:19 -0400,1717300219
submissions/777____Saber2k18.cpp,2024-06-01 23:45:19 -0400,1717299919
submissions/778____raararaara.cpp,2024-06-01 23:30:20 -0400,1717299020
submissions/779____kenchen.py,2024-06-01 23:45:23 -0400,1717299923
submissions/780____loganwatchorn.go,2024-06-01 23:50:23 -0400,1717300223
submissions/781____virinci.cpp,2024-06-01 23:30:28 -0400,1717299028
submissions/782____TS_2002.java,2024-06-01 23:50:30 -0400,1717300230
submissions/783____adtmr208.cpp,2024-06-01 23:25:33 -0400,1717298733
submissions/784____babiesbobo.cpp,2024-06-01 23:40:36 -0400,1717299636
submissions/785____penan_rajput.cpp,2024-06-01 23:45:39 -0400,1717299939
submissions/786____Yu-Ting-Lee.cpp,2024-06-01 23:40:44 -0400,1717299644
submissions/787____zhongyh.py,2024-06-01 23:20:46 -0400,1717298446
submissions/788____akash1906.cpp,2024-06-01 23:40:50 -0400,1717299650
submissions/789____leolee2020.cpp,2024-06-01 23:40:52 -0400,1717299652
submissions/790____ryanwong0127.cpp,2024-06-01 23:35:52 -0400,1717299352
submissions/791____iamch15542.cpp,2024-06-01 23:45:55 -0400,1717299955
submissions/792____ws1255.java,2024-06-01 23:41:00 -0400,1717299660
submissions/793____ataturhan.py,2024-06-01 23:26:02 -0400,1717298762
submissions/794____gmtmdi.cpp,2024-06-01 23:46:03 -0400,1717299963
submissions/795____jack81306.cpp,2024-06-01 23:36:07 -0400,1717299367
submissions/796____DCXiaoBing.java,2024-06-01 23:31:09 -0400,1717299069
submissions/797____pradyumnna.java,2024-06-01 23:41:09 -0400,1717299669
submissions/798____wweijia.py,2024-06-01 23:41:14 -0400,1717299674
submissions/799____user8284zb.cpp,2024-06-01 23:41:16 -0400,1717299676
submissions/800____donpaul299.cpp,2024-06-01 23:46:20 -0400,1717299980
submissions/801____waxxbang.cpp,2024-06-01 23:36:25 -0400,1717299385
submissions/802____resotto.java,2024-06-01 23:31:27 -0400,1717299087
submissions/803____disandrewed.cpp,2024-06-01 23:41:28 -0400,1717299688
submissions/804____nakanolab.py,2024-06-01 23:31:28 -0400,1717299088
submissions/805____Bitwise_Operator.cpp,2024-06-01 23:36:31 -0400,1717299391
submissions/806____9560kiran.cpp,2024-06-01 23:26:10 -0400,1717298770
submissions/807____cozyvelocirapto.cpp,2024-06-01 23:36:37 -0400,1717299397
submissions/808____PiyushTiwari1234.cpp,2024-06-01 23:46:37 -0400,1717299997
submissions/809____mario7lorenzo.cpp,2024-06-01 23:46:42 -0400,1717300002
submissions/810____navneet9810.cpp,2024-06-01 23:51:47 -0400,1717300307
submissions/811____Dee_jay22.cpp,2024-06-01 23:46:47 -0400,1717300007
submissions/812____sanjibkd.cpp,2024-06-01 23:41:56 -0400,1717299716
submissions/813____Harsh_Aakoliya.cpp,2024-06-01 23:41:58 -0400,1717299718
submissions/814____int_overflow.cpp,2024-06-01 23:47:08 -0400,1717300028
submissions/815____shohanur814.cpp,2024-06-01 23:37:09 -0400,1717299429
submissions/816_____dystopian.cpp,2024-06-01 23:47:09 -0400,1717300029
submissions/817____user5551tF.java,2024-06-01 23:42:10 -0400,1717299730
submissions/818____user2032m.cpp,2024-06-01 23:32:11 -0400,1717299131
submissions/819____Saurabh_1602.cpp,2024-06-01 23:42:17 -0400,1717299737
submissions/820____Sambhav-Jain.cpp,2024-06-01 23:16:06 -0400,1717298166
submissions/821____0xFFFFFFFF.cpp,2024-06-01 23:37:22 -0400,1717299442
submissions/822____akash472sinha.py,2024-06-01 23:27:26 -0400,1717298846
submissions/823____coder42032.cpp,2024-06-01 23:42:27 -0400,1717299747
submissions/824____apometta.py,2024-06-01 23:42:32 -0400,1717299752
submissions/825____BetoSCL.py,2024-06-01 23:32:35 -0400,1717299155
submissions/826____madmichael.py,2024-06-01 23:22:38 -0400,1717298558
submissions/827____demon_33.py,2024-06-01 23:47:41 -0400,1717300061
submissions/828____xyz_xyz_xyz_xyz.cpp,2024-06-01 23:27:53 -0400,1717298873
submissions/829____udaykhemewar.cpp,2024-06-01 23:53:07 -0400,1717300387
submissions/830____agrawalashutosh635.cpp,2024-06-01 23:53:13 -0400,1717300393
submissions/831____indra_2003.cpp,2024-06-01 23:48:14 -0400,1717300094
submissions/832____bubbarob19.cpp,2024-06-01 23:43:20 -0400,1717299800
submissions/833____dushyantrajeev.java,2024-06-01 23:48:21 -0400,1717300101
submissions/834____rachilies.java,2024-06-01 23:40:26 -0400,1717299626
submissions/835____Seannnn.py,2024-06-01 23:33:28 -0400,1717299208
submissions/836____aditya8676.cpp,2024-06-01 23:38:33 -0400,1717299513
submissions/837____swastik8750.cpp,2024-06-01 23:38:35 -0400,1717299515
submissions/838____ankitsharmaa25.cpp,2024-06-01 23:48:38 -0400,1717300118
submissions/839____sasti_monjulika_oo.cpp,2024-06-01 23:48:38 -0400,1717300118
submissions/840____SalvadorDali.rs,2024-06-01 23:43:39 -0400,1717299819
submissions/841____JedLam.py,2024-06-01 23:38:39 -0400,1717299519
submissions/842____charlamanojkumar3lc.cpp,2024-06-01 23:43:40 -0400,1717299820
submissions/843____biz1110.py,2024-06-01 23:34:34 -0400,1717299274
submissions/844____AlphaS.cpp,2024-06-01 23:16:40 -0400,1717298200
submissions/845____princeyadav3100.cpp,2024-06-01 23:48:48 -0400,1717300128
submissions/846____visheshchouksey.cpp,2024-06-01 23:38:53 -0400,1717299533
submissions/847____Pratham_Shah10.cpp,2024-06-01 23:53:56 -0400,1717300436
submissions/848____jayjariwala10125.cpp,2024-06-01 23:48:56 -0400,1717300136
submissions/849____Imadra.cpp,2024-06-01 23:43:58 -0400,1717299838
submissions/850____nikhrasuryansh.py,2024-06-01 23:49:02 -0400,1717300142
submissions/851____user7903x.cpp,2024-06-01 23:44:04 -0400,1717299844
submissions/852____kimtom82.cpp,2024-06-01 23:44:08 -0400,1717299848
submissions/853____yumkam.cpp,2024-06-01 23:43:11 -0400,1717299791
submissions/854____MJMTG.cpp,2024-06-01 22:57:36 -0400,1717297056
submissions/855____mjmanas54.cpp,2024-06-01 23:49:17 -0400,1717300157
submissions/856____angel30818.py,2024-06-01 23:39:18 -0400,1717299558
submissions/857____anand_nitp.cpp,2024-06-01 23:39:18 -0400,1717299558
submissions/858____rranaut76.cpp,2024-06-01 23:44:19 -0400,1717299859
submissions/859____andrew8455.c,2024-06-01 23:44:23 -0400,1717299863
submissions/860____Bhavesh_T.cpp,2024-06-01 23:39:23 -0400,1717299563
submissions/861____Keshav_3003.cpp,2024-06-01 23:44:24 -0400,1717299864
submissions/862____CBiQzsNRnw.py,2024-06-01 23:39:24 -0400,1717299564
submissions/863____AntonPolyansky.py,2024-06-01 23:39:28 -0400,1717299568
submissions/864____VATSAL_THUMMAR.cpp,2024-06-01 23:49:29 -0400,1717300169
submissions/865____22kinshukbansal.cpp,2024-06-01 23:49:32 -0400,1717300172
submissions/866____one_percent_better.cpp,2024-06-01 23:15:06 -0400,1717298106
submissions/867____sunny0405.java,2024-06-01 23:54:39 -0400,1717300479
submissions/868____RISHIRAJ14.cpp,2024-06-01 23:54:45 -0400,1717300485
submissions/869____chrehall68.py,2024-06-01 23:34:46 -0400,1717299286
submissions/870____atharvkhandelwal11.cpp,2024-06-01 23:44:48 -0400,1717299888
submissions/871____Sujal_sahu25.cpp,2024-06-01 23:39:49 -0400,1717299589
submissions/872____krishnash1355.cpp,2024-06-01 23:44:50 -0400,1717299890
submissions/873____tzhuan.cpp,2024-06-01 23:34:51 -0400,1717299291
submissions/874____sagnik_1729.cpp,2024-06-01 23:28:22 -0400,1717298902
submissions/875____HighJUMP.java,2024-06-01 23:49:55 -0400,1717300195
submissions/876____CodingLord108.cpp,2024-06-01 23:29:55 -0400,1717298995
submissions/877____rohitjingar.cpp,2024-06-01 23:49:56 -0400,1717300196
submissions/878____yixian2.py,2024-06-01 23:44:58 -0400,1717299898
submissions/879____Phagun.java,2024-06-01 23:44:59 -0400,1717299899
submissions/880____m1stborn.cpp,2024-06-01 23:35:00 -0400,1717299300
submissions/881____neilchetty.java,2024-06-01 23:40:17 -0400,1717299617
submissions/882____FightEveryDay.java,2024-06-01 23:50:17 -0400,1717300217
submissions/883____anirudh1444.py,2024-06-01 23:45:18 -0400,1717299918
submissions/884____sansaryadav777.cpp,2024-06-01 23:40:18 -0400,1717299618
submissions/885____thtuan108.py,2024-06-01 23:45:20 -0400,1717299920
submissions/886____SouvikG2003.cpp,2024-06-01 23:50:22 -0400,1717300222
submissions/887____hgwalani81.cpp,2024-06-01 23:35:31 -0400,1717299331
submissions/888____pintu2000.cpp,2024-06-01 23:55:33 -0400,1717300533
submissions/889____phanthaiduong22.cpp,2024-06-01 23:40:38 -0400,1717299638
submissions/890____conner1231230.cpp,2024-06-01 23:40:38 -0400,1717299638
submissions/891____alexlin87.java,2024-06-01 23:45:42 -0400,1717299942
submissions/892____shannonl.cpp,2024-06-01 23:40:44 -0400,1717299644
submissions/893____adityaroyel.cpp,2024-06-01 23:20:07 -0400,1717298407
submissions/894____kavascgjmd39.cpp,2024-06-01 23:30:49 -0400,1717299049
submissions/895____LemonDrop47.cpp,2024-06-01 23:25:51 -0400,1717298751
submissions/896____introvert9112k.cpp,2024-06-01 23:50:54 -0400,1717300254
submissions/897____RitwikRanjanPathak.cpp,2024-06-01 23:45:58 -0400,1717299958
submissions/898____varmadatla07.cpp,2024-06-01 23:55:59 -0400,1717300559
submissions/899____DGukesh.cpp,2024-06-01 23:28:39 -0400,1717298919
submissions/900____lakshyathakur.java,2024-06-01 23:46:07 -0400,1717299967
submissions/901____krishiiitp.cpp,2024-06-01 23:51:09 -0400,1717300269
submissions/902______sebasti0n__.cpp,2024-06-01 23:46:10 -0400,1717299970
submissions/903____ajit_kumar-12345.cpp,2024-06-01 23:03:55 -0400,1717297435
submissions/904____snowfoxy.py,2024-06-01 23:41:14 -0400,1717299674
submissions/905____mkprajapati1614.cpp,2024-06-01 23:51:14 -0400,1717300274
submissions/906____hemantadil.java,2024-06-01 23:51:16 -0400,1717300276
submissions/907____rishigupta26121.cpp,2024-06-01 23:51:16 -0400,1717300276
submissions/908____kin123.cpp,2024-06-01 23:41:17 -0400,1717299677
submissions/909____Shiva51.cpp,2024-06-01 23:41:21 -0400,1717299681
submissions/910____maxwell142857.py,2024-06-01 23:56:31 -0400,1717300591
submissions/911____Ayush_goyal_nitkkr.cpp,2024-06-01 23:41:34 -0400,1717299694
submissions/912____HEELO123.cpp,2024-06-01 23:41:35 -0400,1717299695
submissions/913____puspendra_09.cpp,2024-06-01 23:08:31 -0400,1717297711
submissions/914____TUSHARARORATA1.cs,2024-06-01 23:56:37 -0400,1717300597
submissions/915____ankangarai.cpp,2024-06-01 23:51:39 -0400,1717300299
submissions/916____ltcdeeoe.cpp,2024-06-01 23:46:40 -0400,1717300000
submissions/917____asrivastava05.cpp,2024-06-01 23:41:41 -0400,1717299701
submissions/918____suraj_3240.cpp,2024-06-01 23:36:50 -0400,1717299410
submissions/919____vignesh991271.cpp,2024-06-01 23:46:51 -0400,1717300011
submissions/920____TulasiRaj.java,2024-06-01 23:51:55 -0400,1717300315
submissions/921____sujal_prakash15.cpp,2024-06-01 23:56:56 -0400,1717300616
submissions/922____nidhi_ranjan.cpp,2024-06-01 23:51:57 -0400,1717300317
submissions/923____Malay_28.cpp,2024-06-01 23:47:00 -0400,1717300020
submissions/924____jai_shree_raam.cpp,2024-06-01 23:57:02 -0400,1717300622
submissions/925____Dhongee.cpp,2024-06-01 23:27:15 -0400,1717298835
submissions/926_____batman__.cpp,2024-06-01 23:37:05 -0400,1717299425
submissions/927____Balakrishna_Prasad.cpp,2024-06-01 22:56:51 -0400,1717297011
submissions/928____pbhaskar2003.cpp,2024-06-01 23:42:08 -0400,1717299728
submissions/929____SainiAyush.cpp,2024-06-01 23:42:12 -0400,1717299732
submissions/930____Hunter_TheCodeKiller.cpp,2024-06-01 23:52:13 -0400,1717300333
submissions/931____darkdip2.py,2024-06-01 23:47:14 -0400,1717300034
submissions/932____Bobby137.cpp,2024-06-01 23:47:30 -0400,1717300050
submissions/933____sagarkumar43.cpp,2024-06-01 23:57:30 -0400,1717300650
submissions/934____chien-te.cpp,2024-06-01 23:37:34 -0400,1717299454
submissions/935____monk45456.cpp,2024-06-01 23:47:40 -0400,1717300060
submissions/936____AdityaAlugani_.cpp,2024-06-01 23:47:43 -0400,1717300063
submissions/937____anamika9693.cpp,2024-06-01 23:49:56 -0400,1717300196
submissions/938____Bawa_547.cpp,2024-06-01 23:50:47 -0400,1717300247
submissions/939_____krat_.cpp,2024-06-01 23:42:49 -0400,1717299769
submissions/940____osvarp.cpp,2024-06-01 23:37:50 -0400,1717299470
submissions/941____arunsinghtle213.cpp,2024-06-01 23:47:56 -0400,1717300076
submissions/942____upceric.cpp,2024-06-01 23:40:25 -0400,1717299625
submissions/943____NirbhayPaliwal.cpp,2024-06-01 23:48:03 -0400,1717300083
submissions/944____spaded06543.py,2024-06-01 23:53:11 -0400,1717300391
submissions/945____Fremder.cpp,2024-06-01 23:43:13 -0400,1717299793
submissions/946____adityavkrm.cpp,2024-06-01 23:58:22 -0400,1717300702
submissions/947____cpaliwal2483.cpp,2024-06-01 23:38:25 -0400,1717299505
submissions/948____riteshfyi.cpp,2024-06-01 23:53:28 -0400,1717300408
submissions/949____abhin109.cpp,2024-06-01 23:58:36 -0400,1717300716
submissions/950____Terror_404.cpp,2024-06-01 23:38:38 -0400,1717299518
submissions/951____justinleung0204.py,2024-06-01 23:53:38 -0400,1717300418
submissions/952____rebornndisillusioned.cpp,2024-06-01 23:43:40 -0400,1717299820
submissions/953____devvrat_07.cpp,2024-06-01 23:53:41 -0400,1717300421
submissions/954____KaivinC.cpp,2024-06-01 23:33:42 -0400,1717299222
submissions/955____Mari0.java,2024-06-01 23:58:44 -0400,1717300724
submissions/956____sai_2210030348.java,2024-06-01 23:41:23 -0400,1717299683
submissions/957____prin100603.cpp,2024-06-01 23:58:45 -0400,1717300725
submissions/958____shubham_3112.cpp,2024-06-01 23:48:48 -0400,1717300128
submissions/959____ayush2448.js,2024-06-01 23:43:51 -0400,1717299831
submissions/960____sourav_suku.cpp,2024-06-01 23:43:53 -0400,1717299833
submissions/961____biltharesatyendra.cpp,2024-06-01 23:33:53 -0400,1717299233
submissions/962____zk299.py,2024-06-01 23:38:53 -0400,1717299533
submissions/963____VVHack.cpp,2024-06-01 23:43:53 -0400,1717299833
submissions/964____Debojit_Ganguly.cpp,2024-06-01 23:43:56 -0400,1717299836
submissions/965____lm105013.py,2024-06-01 23:44:01 -0400,1717299841
submissions/966____raghu30.cpp,2024-06-01 23:44:01 -0400,1717299841
submissions/967____1iin.cpp,2024-06-01 23:44:07 -0400,1717299847
submissions/968____Hritik__k.cpp,2024-06-01 23:39:08 -0400,1717299548
submissions/969____jainamit130.cpp,2024-06-01 23:59:09 -0400,1717300749
submissions/970____KLU_2100031079.java,2024-06-01 23:49:22 -0400,1717300162
submissions/971____iit2021161.cpp,2024-06-01 23:34:22 -0400,1717299262
submissions/972____robertlewan1998.cpp,2024-06-01 23:44:23 -0400,1717299863
submissions/973____manavmajithia6.cpp,2024-06-01 23:39:29 -0400,1717299569
submissions/974____SpecialBeing.cpp,2024-06-01 23:49:33 -0400,1717300173
submissions/975____azz147.py,2024-06-01 23:49:36 -0400,1717300176
submissions/976____sbian32.java,2024-06-01 23:49:36 -0400,1717300176
submissions/977____Snape007.cpp,2024-06-01 23:44:38 -0400,1717299878
submissions/978____kudojp.py,2024-06-01 23:49:39 -0400,1717300179
submissions/979____Harshil_2602.cpp,2024-06-01 23:44:44 -0400,1717299884
submissions/980____then00bprogrammer.cpp,2024-06-01 23:10:56 -0400,1717297856
submissions/981____windhashira38.cpp,2024-06-01 23:44:48 -0400,1717299888
submissions/982____vsukhoy.cpp,2024-06-01 23:44:48 -0400,1717299888
submissions/983____vedantnaudiyal.cpp,2024-06-01 23:49:56 -0400,1717300196
submissions/984____kasinathansj.java,2024-06-01 23:49:57 -0400,1717300197
submissions/985____sumit1906.cpp,2024-06-01 23:50:02 -0400,1717300202
submissions/986____workingnaresh.py,2024-06-01 23:40:08 -0400,1717299608
submissions/987____utkarsh_0908.cpp,2024-06-01 23:45:21 -0400,1717299921
submissions/988____ipadcoder.cpp,2024-06-01 23:24:35 -0400,1717298675
submissions/989____h_bugw7.cpp,2024-06-01 23:45:30 -0400,1717299930
submissions/990____ansonll.py,2024-06-01 23:45:35 -0400,1717299935
submissions/991____ankuraj_27.cpp,2024-06-01 23:55:37 -0400,1717300537
submissions/992____sorcerer007.cpp,2024-06-01 23:45:37 -0400,1717299937
submissions/993____bttsv.java,2024-06-01 23:50:41 -0400,1717300241
submissions/994____MinhBaoSoCool.cpp,2024-06-01 23:40:48 -0400,1717299648
submissions/995____Alex_8468.cpp,2024-06-01 23:36:22 -0400,1717299382
submissions/996____l1consolable.cpp,2024-06-01 23:50:53 -0400,1717300253
submissions/997____Agorz.cpp,2024-06-01 23:35:53 -0400,1717299353
submissions/998____k1384.cpp,2024-06-01 23:40:55 -0400,1717299655
submissions/999____sdhakad011.cpp,2024-06-01 23:45:56 -0400,1717299956
submissions/1000____sunilkumarmax.java,2024-06-01 23:50:57 -0400,1717300257
submissions/1001____puranampUCLA.py,2024-06-01 23:46:02 -0400,1717299962
submissions/1002____Cobalt_3902.py,2024-06-01 23:21:10 -0400,1717298470
submissions/1003____itz_VAni.cpp,2024-06-01 23:46:12 -0400,1717299972
submissions/1004____ishpurwar121.java,2024-06-01 23:45:30 -0400,1717299930
submissions/1005____whuang369.cpp,2024-06-01 23:36:20 -0400,1717299380
submissions/1006____BreadMuMu.cpp,2024-06-01 23:46:24 -0400,1717299984
submissions/1007____counter98.cpp,2024-06-01 23:46:26 -0400,1717299986
submissions/1008____yinghuahu.java,2024-06-01 23:46:34 -0400,1717299994
submissions/1009____nayanjain207.java,2024-06-01 23:56:34 -0400,1717300594
submissions/1010____aqua2032.cpp,2024-06-01 23:56:39 -0400,1717300599
submissions/1011____OuterRidgeSavage.cpp,2024-06-01 23:46:42 -0400,1717300002
submissions/1012____sumitj3na.cpp,2024-06-01 23:46:43 -0400,1717300003
submissions/1013____awesome-bug.cpp,2024-06-01 23:41:43 -0400,1717299703
submissions/1014____Harshit_Prandiyal.cpp,2024-06-01 23:51:46 -0400,1717300306
submissions/1015____oneoffour.py,2024-06-01 23:46:46 -0400,1717300006
submissions/1016____apstndpavsetrimkaapstndp.cpp,2024-06-01 23:51:47 -0400,1717300307
submissions/1017____Akshit_Singh1121.cpp,2024-06-01 23:46:48 -0400,1717300008
submissions/1018____akshayparihar07.cpp,2024-06-01 23:46:48 -0400,1717300008
submissions/1019____hereToRock.cpp,2024-06-01 23:10:40 -0400,1717297840
submissions/1020____kintaliadarsh911.cpp,2024-06-01 23:47:04 -0400,1717300024
submissions/1021____pratham0n.cpp,2024-06-01 23:57:05 -0400,1717300625
submissions/1022____Sayan_244.cpp,2024-06-01 23:32:09 -0400,1717299129
submissions/1023____betagamma09.cpp,2024-06-01 23:52:10 -0400,1717300330
submissions/1024____hanbro0112.py,2024-06-01 23:42:12 -0400,1717299732
submissions/1025____pyaemyat378.java,2024-06-01 23:47:15 -0400,1717300035
submissions/1026____astthecoder.cpp,2024-06-01 23:37:16 -0400,1717299436
submissions/1027____sdrqp9roawdf.java,2024-06-01 23:47:22 -0400,1717300042
submissions/1028____octaneal.py,2024-06-01 23:42:23 -0400,1717299743
submissions/1029____jasonreed7.py,2024-06-01 23:52:30 -0400,1717300350
submissions/1030____gokulkumar0209.py,2024-06-01 23:42:32 -0400,1717299752
submissions/1031____mkawa222.py,2024-06-01 23:52:32 -0400,1717300352
submissions/1032____reetpriye.cpp,2024-06-01 23:57:34 -0400,1717300654
submissions/1033____LessThanExpert.cpp,2024-06-01 23:47:34 -0400,1717300054
submissions/1034____Shruthik_Ravula.py,2024-06-01 23:52:36 -0400,1717300356
submissions/1035____Maximus8597.cpp,2024-06-01 23:47:38 -0400,1717300058
submissions/1036____hnthach97.cpp,2024-06-01 23:40:22 -0400,1717299622
submissions/1037____jithendrabanoth.cpp,2024-06-01 23:57:46 -0400,1717300666
submissions/1038____autimatic.cpp,2024-06-01 23:52:48 -0400,1717300368
submissions/1039____capsicle.cpp,2024-06-01 23:47:52 -0400,1717300072
submissions/1040____Arifrahaman.java,2024-06-01 23:57:52 -0400,1717300672
submissions/1041____ayushkumarsingh3105.cpp,2024-06-01 23:37:58 -0400,1717299478
submissions/1042____vermaashubham.cpp,2024-06-01 23:57:58 -0400,1717300678
submissions/1043____FantasticoneSahil.cpp,2024-06-01 23:57:59 -0400,1717300679
submissions/1044____avijain14.cpp,2024-06-01 23:52:59 -0400,1717300379
submissions/1045____10_Adi.cpp,2024-06-01 23:38:00 -0400,1717299480
submissions/1046____SimpleSheep03.cpp,2024-06-01 23:38:04 -0400,1717299484
submissions/1047____RuchitJagodara.cpp,2024-06-01 23:58:05 -0400,1717300685
submissions/1048____anmol_saini.cpp,2024-06-01 23:54:22 -0400,1717300462
submissions/1049____redhair_rs.java,2024-06-01 23:58:07 -0400,1717300687
submissions/1050____AkashManna2003.java,2024-06-01 23:48:08 -0400,1717300088
submissions/1051____Shang1224.cpp,2024-06-01 23:43:09 -0400,1717299789
submissions/1052____Swashbuckler12.cpp,2024-06-01 23:53:10 -0400,1717300390
submissions/1053____Mayawan.cpp,2024-06-01 23:48:15 -0400,1717300095
submissions/1054____saogetxdy.cpp,2024-06-01 23:48:22 -0400,1717300102
submissions/1055____srinivaschodisetti3.cpp,2024-06-01 23:48:31 -0400,1717300111
submissions/1056____Chandu_kousik.java,2024-06-01 23:46:28 -0400,1717299988
submissions/1057____great_responsibilty.cpp,2024-06-01 23:58:37 -0400,1717300717
submissions/1058____Nitin_333.cpp,2024-06-01 23:53:38 -0400,1717300418
submissions/1059____SamChen856.cpp,2024-06-01 23:21:38 -0400,1717298498
submissions/1060____jogarao_.cpp,2024-06-01 23:27:07 -0400,1717298827
submissions/1061____HARSHWARDHAN-11.cpp,2024-06-01 23:48:45 -0400,1717300125
submissions/1062____vivek_bhurke.java,2024-06-01 23:43:48 -0400,1717299828
submissions/1063____manimaran_s.java,2024-06-01 23:53:50 -0400,1717300430
submissions/1064____prayoffer.py,2024-06-01 23:43:54 -0400,1717299834
submissions/1065____Vaga-bond.cpp,2024-06-01 23:48:34 -0400,1717300114
submissions/1066____cy171.py,2024-06-01 23:53:55 -0400,1717300435
submissions/1067____JaiShriRadhey.cpp,2024-06-01 23:58:57 -0400,1717300737
submissions/1068____MG261.cpp,2024-06-01 23:33:59 -0400,1717299239
submissions/1069____dishangPatel.cpp,2024-06-01 23:44:00 -0400,1717299840
submissions/1070____mazinkarjikar.cpp,2024-06-01 23:54:02 -0400,1717300442
submissions/1071____cachirag230.java,2024-06-01 23:59:02 -0400,1717300742
submissions/1072____Aadarsh_Mishra.cpp,2024-06-01 23:44:10 -0400,1717299850
submissions/1073____Dhairya_Vardhan_Chauhan.cpp,2024-06-01 23:54:10 -0400,1717300450
submissions/1074____adarsh_dhakad.kt,2024-06-01 23:49:15 -0400,1717300155
submissions/1075____yuvrajcoder.cpp,2024-06-01 23:49:15 -0400,1717300155
submissions/1076____lonely_nights_with_bruce.php,2024-06-01 23:52:31 -0400,1717300351
submissions/1077____indraneel_1998.cpp,2024-06-01 23:54:18 -0400,1717300458
submissions/1078____anand_codes28.swift,2024-06-01 23:59:19 -0400,1717300759
submissions/1079_____srihari_.cpp,2024-06-01 23:15:40 -0400,1717298140
submissions/1080____annoyingpatrick.cpp,2024-06-01 23:54:20 -0400,1717300460
submissions/1081____sagargGupta.java,2024-06-01 23:49:21 -0400,1717300161
submissions/1082____udit_06062005.cpp,2024-06-01 23:59:22 -0400,1717300762
submissions/1083____Meaningless.cpp,2024-06-01 23:39:28 -0400,1717299568
submissions/1084____kushaagr__11.cpp,2024-06-01 23:49:30 -0400,1717300170
submissions/1085____Ankush9140.java,2024-06-01 23:54:30 -0400,1717300470
submissions/1086____shivamSha_123.cpp,2024-06-01 23:54:31 -0400,1717300471
submissions/1087____ramkumar_9301.cpp,2024-06-01 23:49:34 -0400,1717300174
submissions/1088____yfnijm.cpp,2024-06-01 23:54:35 -0400,1717300475
submissions/1089_____ritik_yadav.cpp,2024-06-01 23:44:35 -0400,1717299875
submissions/1090____U_N_K_N_O_W_N_0.cpp,2024-06-01 23:54:41 -0400,1717300481
submissions/1091____20240624.codewithabhi21.cpp,2024-06-01 23:54:41 -0400,1717300481
submissions/1092____Algoh9.cpp,2024-06-01 23:49:42 -0400,1717300182
submissions/1093____puneeth225.cpp,2024-06-01 23:49:44 -0400,1717300184
submissions/1094____winter_dragon.cpp,2024-06-01 23:24:50 -0400,1717298690
submissions/1095____TZGkPxfrU1.cpp,2024-06-01 23:29:53 -0400,1717298993
submissions/1096____a6hishekpandey.java,2024-06-01 23:39:59 -0400,1717299599
submissions/1097____WeiyanZhu.py,2024-06-01 23:45:01 -0400,1717299901
submissions/1098____shantanu28sharma.cpp,2024-06-01 23:50:04 -0400,1717300204
submissions/1099____hychen11.cpp,2024-06-01 23:40:05 -0400,1717299605
submissions/1100____211FA04639.py,2024-06-01 23:50:16 -0400,1717300216
submissions/1101____AA_007.cpp,2024-06-01 23:50:22 -0400,1717300222
submissions/1102____bowenduanmu.java,2024-06-01 23:45:23 -0400,1717299923
submissions/1103____harshal_02.cpp,2024-06-01 23:55:25 -0400,1717300525
submissions/1104____RickeyZheng.cpp,2024-06-01 23:55:33 -0400,1717300533
submissions/1105____lci2020003.cpp,2024-06-01 23:40:34 -0400,1717299634
submissions/1106____vignat0905.cpp,2024-06-01 23:55:39 -0400,1717300539
submissions/1107____manasagarwal12921.cpp,2024-06-01 23:55:44 -0400,1717300544
submissions/1108____kingm01.cpp,2024-06-01 23:30:46 -0400,1717299046
submissions/1109____VRevanthReddy.java,2024-06-01 23:45:55 -0400,1717299955
submissions/1110____mittaludit768.cpp,2024-06-01 23:55:56 -0400,1717300556
submissions/1111____MoHiT_SoNi_.cpp,2024-06-01 23:50:34 -0400,1717300234
submissions/1112____shivam_30.cpp,2024-06-01 23:50:56 -0400,1717300256
submissions/1113____Momos_.cpp,2024-06-01 23:46:05 -0400,1717299965
submissions/1114____charles2010.cpp,2024-06-01 23:28:38 -0400,1717298918
submissions/1115____mihn1.py,2024-06-01 23:56:10 -0400,1717300570
submissions/1116____20240628.harshshukla14.cpp,2024-06-01 23:46:18 -0400,1717299978
submissions/1117____Trisha2512.cpp,2024-06-01 23:51:19 -0400,1717300279
submissions/1118____Mrinal_2005.cpp,2024-06-01 23:56:22 -0400,1717300582
submissions/1119____anshu_2211_.cpp,2024-06-01 23:56:35 -0400,1717300595
submissions/1120____wyjsdpku.py,2024-06-01 23:36:43 -0400,1717299403
submissions/1121____dhameliyayagnik28.cpp,2024-06-01 23:51:45 -0400,1717300305
submissions/1122____Prabhat_007.cpp,2024-06-01 23:46:47 -0400,1717300007
submissions/1123____arunikabhattacharya22.cpp,2024-06-01 23:46:49 -0400,1717300009
submissions/1124____swayam_wish.cpp,2024-06-01 23:41:54 -0400,1717299714
submissions/1125____d2s2.java,2024-06-01 23:51:54 -0400,1717300314
submissions/1126____mini_bong.java,2024-06-01 23:51:59 -0400,1717300319
submissions/1127____cp_boy.cpp,2024-06-01 23:52:01 -0400,1717300321
submissions/1128____Wzsssss.cpp,2024-06-01 23:57:13 -0400,1717300633
submissions/1129_____maityamit.cpp,2024-06-01 23:37:15 -0400,1717299435
submissions/1130____Archangel79.cpp,2024-06-01 23:57:17 -0400,1717300637
submissions/1131____ekeshwar2407.cpp,2024-06-01 23:42:22 -0400,1717299742
submissions/1132____Sury213.cpp,2024-06-01 23:37:25 -0400,1717299445
submissions/1133____joyjitdas_7.java,2024-06-01 23:47:26 -0400,1717300046
submissions/1134____shapes.cpp,2024-06-01 23:42:29 -0400,1717299749
submissions/1135____zel9992.cpp,2024-06-01 23:57:30 -0400,1717300650
submissions/1136____sank555.cpp,2024-06-01 23:47:30 -0400,1717300050
submissions/1137____Krishi_03.cpp,2024-06-01 23:57:34 -0400,1717300654
submissions/1138____Anil_Kumar_A_K.py,2024-06-01 23:42:39 -0400,1717299759
submissions/1139____prabalpsingh7115.cpp,2024-06-01 23:47:48 -0400,1717300068
submissions/1140____shivam_kumar124.cpp,2024-06-01 23:57:50 -0400,1717300670
submissions/1141____mUkULtAnEjA_01.cpp,2024-06-01 23:52:50 -0400,1717300370
submissions/1142____inversionpeter.cpp,2024-06-01 23:47:51 -0400,1717300071
submissions/1143____cp_sud.cpp,2024-06-01 23:57:52 -0400,1717300672
submissions/1144____shaswatgusain1.java,2024-06-01 23:52:52 -0400,1717300372
submissions/1145____j10926jacky.cs,2024-06-01 23:57:55 -0400,1717300675
submissions/1146____3FrenchOmelettes.cpp,2024-06-01 23:47:59 -0400,1717300079
submissions/1147____MenheraCapoo.cpp,2024-06-01 23:23:01 -0400,1717298581
submissions/1148____dhruv_g.cpp,2024-06-01 23:53:03 -0400,1717300383
submissions/1149____pvduy1996.cpp,2024-06-01 23:53:04 -0400,1717300384
submissions/1150____mananhingorani2003.cpp,2024-06-01 23:48:06 -0400,1717300086
submissions/1151____anusarati.cpp,2024-06-01 23:43:12 -0400,1717299792
submissions/1152____shubhambhatt037.cpp,2024-06-01 23:58:12 -0400,1717300692
submissions/1153____loolicious.py,2024-06-01 23:48:15 -0400,1717300095
submissions/1154____iamattri0001.cpp,2024-06-01 23:43:18 -0400,1717299798
submissions/1155____hello_hi_bye.cpp,2024-06-01 23:48:19 -0400,1717300099
submissions/1156____rajparikh03.cpp,2024-06-01 23:48:19 -0400,1717300099
submissions/1157____wxy9018.py,2024-06-01 23:43:19 -0400,1717299799
submissions/1158____abhishekkaintura071.cpp,2024-06-01 23:58:23 -0400,1717300703
submissions/1159____kanishkgupta08.cpp,2024-06-01 23:53:29 -0400,1717300409
submissions/1160____code_tal.cpp,2024-06-01 23:48:31 -0400,1717300111
submissions/1161____karthikeya48.cpp,2024-06-01 23:58:32 -0400,1717300712
submissions/1162____nikhil_dixit_abv_iiitm.cpp,2024-06-01 23:17:13 -0400,1717298233
submissions/1163____PrasHanT766.cpp,2024-06-01 23:48:38 -0400,1717300118
submissions/1164_____Akatsuki_.cpp,2024-06-01 23:58:47 -0400,1717300727
submissions/1165____piyush_0902.cpp,2024-06-01 23:58:53 -0400,1717300733
submissions/1166____pratik_9998.cpp,2024-06-01 23:54:03 -0400,1717300443
submissions/1167____Pisces311.cpp,2024-06-01 23:54:05 -0400,1717300445
submissions/1168____iN_siDious.cpp,2024-06-01 23:39:06 -0400,1717299546
submissions/1169____Blaze_012.java,2024-06-01 23:59:23 -0400,1717300763
submissions/1170____klahsiv.cpp,2024-06-01 23:44:31 -0400,1717299871
submissions/1171____pulkit2401.cpp,2024-06-01 23:59:32 -0400,1717300772
submissions/1172____smsh7.cpp,2024-06-01 23:39:33 -0400,1717299573
submissions/1173____MerryLeopard.java,2024-06-01 23:44:34 -0400,1717299874
submissions/1174____JeremyFang.py,2024-06-01 23:44:39 -0400,1717299879
submissions/1175____zeus_0790.cpp,2024-06-01 23:44:42 -0400,1717299882
submissions/1176____naveenarorakrnl.cpp,2024-06-01 23:54:52 -0400,1717300492
submissions/1177____shaileshsingh23423.cpp,2024-06-01 23:50:06 -0400,1717300206
submissions/1178____user0290vr.java,2024-06-01 23:55:09 -0400,1717300509
submissions/1179____SneakPeek.java,2024-06-01 23:55:11 -0400,1717300511
submissions/1180____BrayBray123.cpp,2024-06-01 23:50:13 -0400,1717300213
submissions/1181____Cyber_Phreak.cpp,2024-06-01 23:50:15 -0400,1717300215
submissions/1182____pankaj_777.cpp,2024-06-01 23:40:21 -0400,1717299621
submissions/1183____cartmandftl.py,2024-06-01 23:35:23 -0400,1717299323
submissions/1184____Riding_Knight.cpp,2024-06-01 23:45:23 -0400,1717299923
submissions/1185____AnujPanchal2001.java,2024-06-01 23:55:37 -0400,1717300537
submissions/1186____odinson776.cpp,2024-06-01 23:45:46 -0400,1717299946
submissions/1187____jfkjfk.cpp,2024-06-01 23:50:53 -0400,1717300253
submissions/1188____solve_adorer.cpp,2024-06-01 23:55:56 -0400,1717300556
submissions/1189____poke_coder.cpp,2024-06-01 23:56:02 -0400,1717300562
submissions/1190____mble6125.cpp,2024-06-01 23:56:02 -0400,1717300562
submissions/1191____vidhayak_ji.cpp,2024-06-01 23:56:04 -0400,1717300564
submissions/1192____dragonflyer1998.java,2024-06-01 23:56:22 -0400,1717300582
submissions/1193____Armaan48.cpp,2024-06-01 23:56:24 -0400,1717300584
submissions/1194____wixton.cpp,2024-06-01 23:41:27 -0400,1717299687
submissions/1195____vikas_01.cpp,2024-06-01 23:56:30 -0400,1717300590
submissions/1196____pradeep247.cpp,2024-06-01 23:56:31 -0400,1717300591
submissions/1197____ameynaik09.cpp,2024-06-01 23:43:22 -0400,1717299802
submissions/1198____rahulraw.cpp,2024-06-01 23:51:43 -0400,1717300303
submissions/1199____vishalp65.cpp,2024-06-01 23:41:47 -0400,1717299707
submissions/1200____lathiyagautam18.cpp,2024-06-01 23:51:48 -0400,1717300308
submissions/1201____mdnihal05.cpp,2024-06-01 23:46:49 -0400,1717300009
submissions/1202____A-n_u_r_a-G.java,2024-06-01 23:37:10 -0400,1717299430
submissions/1203____3crasele.cpp,2024-06-01 23:52:13 -0400,1717300333
submissions/1204____ashish11122003.cpp,2024-06-01 23:47:23 -0400,1717300043
submissions/1205____Preditor.java,2024-06-01 23:57:29 -0400,1717300649
submissions/1206____KovvuriVenkatSatyaReddy.cpp,2024-06-01 23:57:30 -0400,1717300650
submissions/1207____Kunalsinghrajpurohit.cpp,2024-06-01 23:42:42 -0400,1717299762
submissions/1208____bug_byte.cpp,2024-06-01 23:37:43 -0400,1717299463
submissions/1209____yoshaaa59.py,2024-06-01 23:54:27 -0400,1717300467
submissions/1210____avidyarth12.py,2024-06-01 23:57:56 -0400,1717300676
submissions/1211____20240623.andersdb4.cpp,2024-06-01 23:48:01 -0400,1717300081
submissions/1212____sukanil_1357.cpp,2024-06-01 23:27:47 -0400,1717298867
submissions/1213____gunjan_124.cpp,2024-06-01 23:58:15 -0400,1717300695
submissions/1214____imveer2003.cpp,2024-06-01 23:58:19 -0400,1717300699
submissions/1215____keerthykaushik.py,2024-06-01 23:53:19 -0400,1717300399
submissions/1216____Ashish_Mishra9.cpp,2024-06-01 23:58:23 -0400,1717300703
submissions/1217____halllllllis.cpp,2024-06-01 23:58:27 -0400,1717300707
submissions/1218____alwayswin.cpp,2024-06-01 23:33:32 -0400,1717299212
submissions/1219____ankith_adudodla.cpp,2024-06-01 23:48:52 -0400,1717300132
submissions/1220____waster.cpp,2024-06-01 23:54:01 -0400,1717300441
submissions/1221____riju1.cpp,2024-06-01 23:54:02 -0400,1717300442
submissions/1222____harshraj4423.java,2024-06-01 23:59:03 -0400,1717300743
submissions/1223____P_2003_W.cpp,2024-06-01 23:09:48 -0400,1717297788
submissions/1224____abhishek1821.cpp,2024-06-01 23:54:06 -0400,1717300446
