filename,created_at
submissions/1____penguinhacker.cpp,2024-03-30 22:35:22 -0400
submissions/2____numb3r5.cpp,2024-03-30 22:35:36 -0400
submissions/3____dnialh.py,2024-03-30 22:35:57 -0400
submissions/4____fjzzq2002.cpp,2024-03-30 22:37:52 -0400
submissions/5____Cookie_Cream.cpp,2024-03-30 22:38:31 -0400
submissions/6____cuiaoxiang.cpp,2024-03-30 22:39:04 -0400
submissions/7____tiger2005.cpp,2024-03-30 22:39:10 -0400
submissions/8____lddlinan.py,2024-03-30 22:39:47 -0400
submissions/9____sheepforever.cpp,2024-03-30 22:40:07 -0400
submissions/10____py-is-best-lang.py,2024-03-30 22:40:28 -0400
submissions/11____LayCurse.cpp,2024-03-30 22:40:33 -0400
submissions/12____fmota.cpp,2024-03-30 22:40:40 -0400
submissions/13____pingchungchang.cpp,2024-03-30 22:40:53 -0400
submissions/14____kmjp.cpp,2024-03-30 22:41:33 -0400
submissions/15____OTTFF.cpp,2024-03-30 22:41:36 -0400
submissions/16____wjli.cpp,2024-03-30 22:41:44 -0400
submissions/17____scanhex.cpp,2024-03-30 22:42:18 -0400
submissions/18____Yawn_Sean.py,2024-03-30 22:42:31 -0400
submissions/19____jiang-wu-f.py,2024-03-30 22:42:49 -0400
submissions/20____ethanrao.cpp,2024-03-30 22:40:10 -0400
submissions/21____skyflaming.cpp,2024-03-30 22:42:52 -0400
submissions/22____some_idiot.cpp,2024-03-30 22:42:47 -0400
submissions/23____bilyhurington.cpp,2024-03-30 22:43:18 -0400
submissions/24____uwi.java,2024-03-30 22:36:15 -0400
submissions/25____n3_.py,2024-03-30 22:43:59 -0400
submissions/26____lydxlx.py,2024-03-30 22:44:14 -0400
submissions/27____vibrant-mayerhct.cpp,2024-03-30 22:44:17 -0400
submissions/28____lichen-7i.cpp,2024-03-30 22:39:03 -0400
submissions/29____zh_jerry_yu.cpp,2024-03-30 22:44:39 -0400
submissions/30____endlesscheng.go,2024-03-30 22:43:20 -0400
submissions/31____watashi.cpp,2024-03-30 22:44:45 -0400
submissions/32____an1ket_62.cpp,2024-03-30 22:44:48 -0400
submissions/33____i_love_xiaoshagua_cpp.cpp,2024-03-30 22:44:50 -0400
submissions/34____asrivastava05.cpp,2024-03-30 22:45:07 -0400
submissions/35____liouzhou_101.cpp,2024-03-30 22:45:14 -0400
submissions/36____VILLANOVA_ECON.py,2024-03-30 22:45:20 -0400
submissions/37____meyi.cpp,2024-03-30 22:45:21 -0400
submissions/38____jeffreyhu8.java,2024-03-30 22:45:45 -0400
submissions/39____Turkhuu.cpp,2024-03-30 22:45:50 -0400
submissions/40____htedsv-i.cpp,2024-03-30 22:45:52 -0400
submissions/41____MvKaio.cpp,2024-03-30 22:45:59 -0400
submissions/42____BossBobster.cpp,2024-03-30 22:46:11 -0400
submissions/43____mikeqiyh.cpp,2024-03-30 22:46:20 -0400
submissions/44____AntonRaichuk.cpp,2024-03-30 22:46:23 -0400
submissions/45____plasmatic.py,2024-03-30 22:46:48 -0400
submissions/46____chenreddy0207.cpp,2024-03-30 22:47:01 -0400
submissions/47____yaobig-2.cpp,2024-03-30 22:47:27 -0400
submissions/48____Ujimatsu_Chiya.py,2024-03-30 22:47:36 -0400
submissions/49____tsreaper.cpp,2024-03-30 22:47:38 -0400
submissions/50____passionFruitFlower.cpp,2024-03-30 22:47:39 -0400
submissions/51____u_noob_i.cpp,2024-03-30 22:48:31 -0400
submissions/52____MeetBrahmbhatt.cpp,2024-03-30 22:48:38 -0400
submissions/53____nolv-v.cpp,2024-03-30 22:48:42 -0400
submissions/54____Maruzensky.py,2024-03-30 22:48:47 -0400
submissions/55____kaq.cpp,2024-03-30 22:48:51 -0400
submissions/56____harryB17.cpp,2024-03-30 22:49:08 -0400
submissions/57____newhar.cpp,2024-03-30 22:49:16 -0400
submissions/58____SaveVMK.java,2024-03-30 22:49:23 -0400
submissions/59____ernestlu.cpp,2024-03-30 22:49:28 -0400
submissions/60____shaletome.py,2024-03-30 22:44:42 -0400
submissions/61____paigulong.cpp,2024-03-30 22:41:08 -0400
submissions/62____biharicoder.py,2024-03-30 22:49:54 -0400
submissions/63____mkawa222.py,2024-03-30 22:49:56 -0400
submissions/64____DylanSmith.cpp,2024-03-30 22:45:03 -0400
submissions/65____anhpp-i.java,2024-03-30 22:48:50 -0400
submissions/66____delphih.py,2024-03-30 22:50:09 -0400
submissions/67____wcq_txdy.cpp,2024-03-30 22:50:14 -0400
submissions/68____alanmiller.py,2024-03-30 22:50:43 -0400
submissions/69____Abdul0906.cpp,2024-03-30 22:50:47 -0400
submissions/70____Silken.cpp,2024-03-30 22:50:52 -0400
submissions/71____Oshen.py,2024-03-30 22:50:55 -0400
submissions/72____radiancesheep.cpp,2024-03-30 22:51:02 -0400
submissions/73____sykobeli.py,2024-03-30 22:51:20 -0400
submissions/74____nguyenquocthao00.py,2024-03-30 22:51:22 -0400
submissions/75____megaspazz.java,2024-03-30 22:51:24 -0400
submissions/76____ivanc-e.py,2024-03-30 22:51:36 -0400
submissions/77____kruztw.cpp,2024-03-30 22:51:42 -0400
submissions/78____hai-shang-ling-guang-8x.cpp,2024-03-30 22:51:43 -0400
submissions/79____BetoSCL.cpp,2024-03-30 22:51:43 -0400
submissions/80____cchao.cpp,2024-03-30 22:51:50 -0400
submissions/81____eatcoc10.py,2024-03-30 22:51:50 -0400
submissions/82____raincoat911.cpp,2024-03-30 22:51:51 -0400
submissions/83____q1w2e3r4-3.cpp,2024-03-30 22:52:07 -0400
submissions/84____cai_lw.cpp,2024-03-30 22:52:11 -0400
submissions/85____hongrock.cpp,2024-03-30 22:47:23 -0400
submissions/86____zhou_jay.py,2024-03-30 22:52:32 -0400
submissions/87____kuromilover.cpp,2024-03-30 22:44:00 -0400
submissions/88____theoden42.cpp,2024-03-30 22:52:52 -0400
submissions/89____madfa98.py,2024-03-30 22:53:12 -0400
submissions/90____yi-si-zhi-ming-Fg6yGK3Fva.py,2024-03-30 22:53:17 -0400
submissions/91____rush-9e.cpp,2024-03-30 22:53:22 -0400
submissions/92____then00bprogrammer.cpp,2024-03-30 22:53:29 -0400
submissions/93____jinmingli.cpp,2024-03-30 22:53:29 -0400
submissions/94_____Danie1.py,2024-03-30 22:53:40 -0400
submissions/95____loodv002.py,2024-03-30 22:53:42 -0400
submissions/96____Manan04.py,2024-03-30 22:53:45 -0400
submissions/97____Akatsuki_.cpp,2024-03-30 22:53:46 -0400
submissions/98____kizk.py,2024-03-30 22:53:51 -0400
submissions/99____thesycat.py,2024-03-30 22:53:56 -0400
submissions/100____darrenhp.cpp,2024-03-30 22:54:02 -0400
submissions/101____xxgj.py,2024-03-30 22:54:07 -0400
submissions/102____balakrishnan_v.cpp,2024-03-30 22:54:10 -0400
submissions/103____peterrockwave.py,2024-03-30 22:52:41 -0400
submissions/104____itzRaghav.cpp,2024-03-30 22:54:15 -0400
submissions/105____07dishwasherbob8.cpp,2024-03-30 22:54:15 -0400
submissions/106____binary_looper.cpp,2024-03-30 22:54:29 -0400
submissions/107____ankan2526.py,2024-03-30 22:54:29 -0400
submissions/108____vibrant-6angulyta3.cpp,2024-03-30 22:54:29 -0400
submissions/109____Dymonchyk.cpp,2024-03-30 22:54:32 -0400
submissions/110____awang11.cpp,2024-03-30 22:49:33 -0400
submissions/111____happyfeetpi.py,2024-03-30 22:54:40 -0400
submissions/112____ampish.cpp,2024-03-30 22:54:42 -0400
submissions/113____lixiang-vn.cpp,2024-03-30 22:54:46 -0400
submissions/114____its_tushar24.cpp,2024-03-30 22:54:46 -0400
submissions/115____defier.cpp,2024-03-30 22:54:49 -0400
submissions/116____megurine.py,2024-03-30 22:54:51 -0400
submissions/117____cyzh.cpp,2024-03-30 22:54:54 -0400
submissions/118____fuwutu.py,2024-03-30 22:54:56 -0400
submissions/119____dd2307.py,2024-03-30 22:55:01 -0400
submissions/120____A_Le_K.cpp,2024-03-30 22:55:10 -0400
submissions/121____mdshoaibansari0307.cpp,2024-03-30 22:55:13 -0400
submissions/122____yaoyi92.cpp,2024-03-30 22:55:16 -0400
submissions/123____milesian-c.cpp,2024-03-30 22:50:16 -0400
submissions/124____einstein-b.cpp,2024-03-30 22:55:27 -0400
submissions/125____pointbreak96.cpp,2024-03-30 22:55:29 -0400
submissions/126____aarontx06.java,2024-03-30 22:55:29 -0400
submissions/127____Govind_Singh_2003.cpp,2024-03-30 22:55:36 -0400
submissions/128____aman_2005.cpp,2024-03-30 22:55:42 -0400
submissions/129____jacobj2.py,2024-03-30 22:55:58 -0400
submissions/130____ruts.cpp,2024-03-30 22:56:13 -0400
submissions/131____monik_gowda_21.cpp,2024-03-30 22:56:15 -0400
submissions/132____U_U.cpp,2024-03-30 22:56:15 -0400
submissions/133____fpeterfalvi.java,2024-03-30 22:46:56 -0400
submissions/134____SSYernar.cpp,2024-03-30 22:51:17 -0400
submissions/135____hhhyh.cpp,2024-03-30 22:51:23 -0400
submissions/136____Ashish_NSUT.cpp,2024-03-30 22:56:25 -0400
submissions/137____ruo-ne-2.cpp,2024-03-30 22:56:32 -0400
submissions/138____meet05.cpp,2024-03-30 22:56:33 -0400
submissions/139____zokumyoin.java,2024-03-30 22:56:38 -0400
submissions/140____hahahiehie.java,2024-03-30 22:56:42 -0400
submissions/141____zrts.cpp,2024-03-30 22:56:43 -0400
submissions/142____affectionate-volhardhhg.py,2024-03-30 22:56:24 -0400
submissions/143____sysulby.cpp,2024-03-30 22:51:53 -0400
submissions/144____gulshan2052.cpp,2024-03-30 22:56:53 -0400
submissions/145____VibhorSingh123.cpp,2024-03-30 22:51:54 -0400
submissions/146____tredsused70.cpp,2024-03-30 22:56:58 -0400
submissions/147____kilnyy.py,2024-03-30 22:51:58 -0400
submissions/148____Hexadecimal.py,2024-03-30 22:57:10 -0400
submissions/149____Ma_Lin.cpp,2024-03-30 22:52:15 -0400
submissions/150____summerdaway.cpp,2024-03-30 22:57:16 -0400
submissions/151____nkufp_Protein.cpp,2024-03-30 22:57:19 -0400
submissions/152____123GJWEQ2.py,2024-03-30 22:57:20 -0400
submissions/153____u77.py,2024-03-30 22:57:21 -0400
submissions/154____ashif62224.cpp,2024-03-30 22:57:21 -0400
submissions/155_____dipu.cpp,2024-03-30 22:52:27 -0400
submissions/156____pankaj_777.cpp,2024-03-30 22:57:29 -0400
submissions/157____zeus_0790.cpp,2024-03-30 22:57:32 -0400
submissions/158____SleepyJie.cpp,2024-03-30 22:57:11 -0400
submissions/159____el_magnito.cpp,2024-03-30 22:57:32 -0400
submissions/160____hao-shou-bu-juan.py,2024-03-30 22:57:16 -0400
submissions/161____bharatkhanna1995.cpp,2024-03-30 22:57:50 -0400
submissions/162____JeffreyLC.cpp,2024-03-30 22:57:53 -0400
submissions/163____masteralphi.py,2024-03-30 22:57:58 -0400
submissions/164____tonyli00000.cpp,2024-03-30 22:58:00 -0400
submissions/165____shuang-dsd.cpp,2024-03-30 22:58:00 -0400
submissions/166____AlexShch.py,2024-03-30 22:58:00 -0400
submissions/167____BreadMuMu.py,2024-03-30 22:58:01 -0400
submissions/168____turneja.cpp,2024-03-30 22:58:06 -0400
submissions/169____dryice.cpp,2024-03-30 22:58:15 -0400
submissions/170____sirvi_26.cpp,2024-03-30 22:58:21 -0400
submissions/171____xil899.py,2024-03-30 22:58:21 -0400
submissions/172____terabyte17.cpp,2024-03-30 22:53:27 -0400
submissions/173____981377660LMT.go,2024-03-30 22:58:35 -0400
submissions/174____timetoai.py,2024-03-30 22:58:42 -0400
submissions/175____junweih.py,2024-03-30 22:58:44 -0400
submissions/176____sachinbarupal.cpp,2024-03-30 22:58:45 -0400
submissions/177____Sambhav-Jain.cpp,2024-03-30 22:53:45 -0400
submissions/178____Deepu09.py,2024-03-30 22:58:51 -0400
submissions/179____hamsterw.cpp,2024-03-30 22:53:57 -0400
submissions/180____jtjl.cpp,2024-03-30 22:59:01 -0400
submissions/181____vonrong.py,2024-03-30 22:59:02 -0400
submissions/182____LayzerK.py,2024-03-30 22:54:03 -0400
submissions/183____racsosabe.cpp,2024-03-30 22:59:03 -0400
submissions/184____Legend_Palash.cpp,2024-03-30 22:59:06 -0400
submissions/185____karthik447.py,2024-03-30 22:59:08 -0400
submissions/186____sobols.cpp,2024-03-30 22:59:09 -0400
submissions/187____sigma-yyf.cpp,2024-03-30 22:59:15 -0400
submissions/188____nikhil_dixit_abv_iiitm.cpp,2024-03-30 22:59:18 -0400
submissions/189____magzybogues.cpp,2024-03-30 22:59:19 -0400
submissions/190____swift51385.cpp,2024-03-30 22:54:22 -0400
submissions/191____XxFALCONxX.cpp,2024-03-30 22:59:34 -0400
submissions/192____sb945.py,2024-03-30 22:59:35 -0400
submissions/193____theeeeeeekhai.cpp,2024-03-30 22:54:39 -0400
submissions/194____abhishekvanjani.cpp,2024-03-30 22:59:46 -0400
submissions/195____peicd7699.py,2024-03-30 22:59:47 -0400
submissions/196____pengtsen.cpp,2024-03-30 22:59:51 -0400
submissions/197____wangYiTiaoYu.cpp,2024-03-30 22:59:53 -0400
submissions/198____jiegec.rs,2024-03-30 22:59:54 -0400
submissions/199____Kartik_garg163.cpp,2024-03-30 22:59:57 -0400
submissions/200____tarche.cpp,2024-03-30 22:55:04 -0400
submissions/201____meng-hsuan.py,2024-03-30 23:00:12 -0400
submissions/202____rachitag246.cpp,2024-03-30 23:00:12 -0400
submissions/203____sahilkesarwani.cpp,2024-03-30 23:00:15 -0400
submissions/204____Qlyer.py,2024-03-30 22:56:21 -0400
submissions/205____chnjz-4.cpp,2024-03-30 22:54:44 -0400
submissions/206____CE_RE_WAyitiaolong.cpp,2024-03-30 23:00:21 -0400
submissions/207____eason280711.cpp,2024-03-30 22:55:27 -0400
submissions/208____TychoElling.py,2024-03-30 23:00:28 -0400
submissions/209____taiwaiming2003.cpp,2024-03-30 23:00:28 -0400
submissions/210____lucifer1006.py,2024-03-30 23:00:40 -0400
submissions/211____dganguli1997.java,2024-03-30 23:00:47 -0400
submissions/212____YakultSea.cpp,2024-03-30 23:00:50 -0400
submissions/213____rudrakshjadhav.cpp,2024-03-30 23:00:55 -0400
submissions/214____Citypop.cpp,2024-03-30 23:01:02 -0400
submissions/215____connoryangsingapore.py,2024-03-30 23:01:06 -0400
submissions/216____xy-li.py,2024-03-30 23:01:07 -0400
submissions/217____wisdompeak.cpp,2024-03-30 23:01:09 -0400
submissions/218____xuela.cpp,2024-03-30 23:01:10 -0400
submissions/219____kzyKT.cpp,2024-03-30 22:56:17 -0400
submissions/220____Abhi_Srivastava.cpp,2024-03-30 23:01:17 -0400
submissions/221____ori9.cpp,2024-03-30 22:56:20 -0400
submissions/222____DimmyT.cpp,2024-03-30 22:56:27 -0400
submissions/223____alkonaesc.py,2024-03-30 22:56:31 -0400
submissions/224____petabyte.py,2024-03-30 23:01:41 -0400
submissions/225____KZn.cpp,2024-03-30 23:01:42 -0400
submissions/226____pandaforever.cpp,2024-03-30 22:56:47 -0400
submissions/227____leonard7.cpp,2024-03-30 23:01:50 -0400
submissions/228____snamy520.rs,2024-03-30 23:01:57 -0400
submissions/229____skqliiiao.cpp,2024-03-30 23:01:58 -0400
submissions/230____RealFan.cpp,2024-03-30 23:01:22 -0400
submissions/231____sgdfbahjbhbaisdufg.cpp,2024-03-30 23:01:59 -0400
submissions/232____Laxman_Singh_Saini.py,2024-03-30 23:02:05 -0400
submissions/233____PhoenixDD.cpp,2024-03-30 23:02:13 -0400
submissions/234____zhouzl.java,2024-03-30 22:57:14 -0400
submissions/235____LarryNY.py,2024-03-30 23:02:21 -0400
submissions/236____wddd.java,2024-03-30 23:02:21 -0400
submissions/237____snavneet561.cpp,2024-03-30 23:02:22 -0400
submissions/238____GoldenShadow5.java,2024-03-30 23:02:33 -0400
submissions/239____ashishrrs.cpp,2024-03-30 23:02:38 -0400
submissions/240____prayoffer.py,2024-03-30 23:02:38 -0400
submissions/241____DavidYQY.py,2024-03-30 23:02:39 -0400
submissions/242____krism_lsy.py,2024-03-30 23:02:40 -0400
submissions/243____awesome-ardinghelliypv.cpp,2024-03-30 23:02:44 -0400
submissions/244____teacher-six.cpp,2024-03-30 22:57:48 -0400
submissions/245____flashmt.cpp,2024-03-30 23:02:52 -0400
submissions/246____devangsvaghani.cpp,2024-03-30 22:57:57 -0400
submissions/247____tanakat01.py,2024-03-30 23:03:04 -0400
submissions/248____rajipthakur2002.cpp,2024-03-30 23:03:04 -0400
submissions/249____noobcoderr.cpp,2024-03-30 23:03:05 -0400
submissions/250____1214367903.py,2024-03-30 23:03:07 -0400
submissions/251____jayjariwala10125.cpp,2024-03-30 23:03:08 -0400
submissions/252____shreyd01.cpp,2024-03-30 22:53:09 -0400
submissions/253____etian6795.java,2024-03-30 23:03:11 -0400
submissions/254____louisfghbvc.cpp,2024-03-30 23:03:13 -0400
submissions/255____acleo.cpp,2024-03-30 23:03:14 -0400
submissions/256____silvertint10.py,2024-03-30 23:03:26 -0400
submissions/257____ProgramCaiCai_CN.py,2024-03-30 23:03:42 -0400
submissions/258____RadecX1.cpp,2024-03-30 22:58:53 -0400
submissions/259____wincss.py,2024-03-30 23:03:53 -0400
submissions/260____Superultra.cpp,2024-03-30 22:53:25 -0400
submissions/261____CompileErrorAutomaton.py,2024-03-30 23:04:07 -0400
submissions/262____tonghuikang.py,2024-03-30 22:59:09 -0400
submissions/263____GG_boy.py,2024-03-30 23:04:17 -0400
submissions/264____friedall.cpp,2024-03-30 22:59:22 -0400
submissions/265____STARs_56789.cpp,2024-03-30 23:04:24 -0400
submissions/266____SR3mix.cpp,2024-03-30 22:59:27 -0400
submissions/267____night_732.cpp,2024-03-30 23:04:36 -0400
submissions/268____aryan___barsaiyan.cpp,2024-03-30 23:04:36 -0400
submissions/269____sun-man-man.py,2024-03-30 23:04:43 -0400
submissions/270____NothingIsCertain.cpp,2024-03-30 22:59:45 -0400
submissions/271____nakanolab.py,2024-03-30 23:04:47 -0400
submissions/272____votrubac.cpp,2024-03-30 23:04:54 -0400
submissions/273____chinakevin2023.py,2024-03-30 22:59:56 -0400
submissions/274____user3593Z.java,2024-03-30 23:04:59 -0400
submissions/275____whymihere.cpp,2024-03-30 23:05:01 -0400
submissions/276____sky_walker-x.py,2024-03-30 23:05:03 -0400
submissions/277____okbhr209.cpp,2024-03-30 23:05:05 -0400
submissions/278____vhlpZARocz.py,2024-03-30 23:05:09 -0400
submissions/279____long-brogia.cpp,2024-03-30 23:00:09 -0400
submissions/280____slightlyepic.cpp,2024-03-30 23:05:09 -0400
submissions/281____alexlin87.java,2024-03-30 23:05:15 -0400
submissions/282____oalad-zro.cpp,2024-03-30 22:55:20 -0400
submissions/283____paras3019.java,2024-03-30 23:00:21 -0400
submissions/284____amanmishra_20.cpp,2024-03-30 23:05:22 -0400
submissions/285____yihuic.py,2024-03-30 23:00:33 -0400
submissions/286____kanoon.cpp,2024-03-30 23:00:35 -0400
submissions/287____brightness77.java,2024-03-30 23:05:44 -0400
submissions/288____STommydx.cpp,2024-03-30 23:05:49 -0400
submissions/289____fangxiang666.cpp,2024-03-30 23:06:00 -0400
submissions/290____jackieckc.cpp,2024-03-30 23:06:02 -0400
submissions/291____SaiSusshanth.py,2024-03-30 23:06:03 -0400
submissions/292____arignote.java,2024-03-30 23:05:45 -0400
submissions/293_____lemonjuice_.cpp,2024-03-30 23:06:17 -0400
submissions/294____zitsav.cpp,2024-03-30 23:01:22 -0400
submissions/295____wall_breaker.py,2024-03-30 23:01:27 -0400
submissions/296____fzl_194.cpp,2024-03-30 23:06:29 -0400
submissions/297____hong-jie-v.cpp,2024-03-30 23:06:31 -0400
submissions/298____xxxyk.cpp,2024-03-30 23:06:40 -0400
submissions/299____potat_.cpp,2024-03-30 23:06:41 -0400
submissions/300____HackedAgain.cpp,2024-03-30 23:06:43 -0400
submissions/301____jfy-1.py,2024-03-30 23:07:02 -0400
submissions/302____Wizard_of_Orz.cpp,2024-03-30 23:02:02 -0400
submissions/303____lucky7-vb.cpp,2024-03-30 23:07:05 -0400
submissions/304____zero-233.java,2024-03-30 23:02:13 -0400
submissions/305____ha-ha-ha-wo-hao-kuai-le-a.py,2024-03-30 23:07:14 -0400
submissions/306____zhou-zhou-36.cpp,2024-03-30 23:02:15 -0400
submissions/307____ll931110.cpp,2024-03-30 23:02:16 -0400
submissions/308____xiao-shu-lin-f.cpp,2024-03-30 23:07:16 -0400
submissions/309____rohitsatpute480.cpp,2024-03-30 23:07:24 -0400
submissions/310____karthikeysaxena.cpp,2024-03-30 23:07:26 -0400
submissions/311____epic-6reideryof.cpp,2024-03-30 23:07:30 -0400
submissions/312____glas15.cpp,2024-03-30 23:07:38 -0400
submissions/313____jwseph.py,2024-03-30 23:07:44 -0400
submissions/314____linhhlp.py,2024-03-30 23:07:45 -0400
submissions/315____ryanwong0127.py,2024-03-30 23:07:46 -0400
submissions/316____abcdhhhh.py,2024-03-30 23:07:49 -0400
submissions/317____opgglp.py,2024-03-30 23:04:56 -0400
submissions/318____00zi-jian.py,2024-03-30 23:03:01 -0400
submissions/319____0x3f66616e.rs,2024-03-30 23:08:15 -0400
submissions/320____l1l2.cpp,2024-03-30 23:08:16 -0400
submissions/321____anupam_ghosh.cpp,2024-03-30 23:03:19 -0400
submissions/322____hgwalani81.cpp,2024-03-30 23:08:24 -0400
submissions/323____chun-zi-a.cpp,2024-03-30 23:08:25 -0400
submissions/324____nitinsrichakri.cpp,2024-03-30 23:08:26 -0400
submissions/325____han-zhi-ken-qi.cpp,2024-03-30 23:03:27 -0400
submissions/326____mengdaoshizhongxinyang.cpp,2024-03-30 23:08:29 -0400
submissions/327____xymabinogi.cpp,2024-03-30 23:08:31 -0400
submissions/328____vinayaksingh809.cpp,2024-03-30 23:08:34 -0400
submissions/329____user0224B.cpp,2024-03-30 23:08:34 -0400
submissions/330____Harsh1610.cpp,2024-03-30 23:08:38 -0400
submissions/331____tyagibhavya.cpp,2024-03-30 23:08:38 -0400
submissions/332____YiliLiu.cpp,2024-03-30 23:08:39 -0400
submissions/333____jiachen_wu.py,2024-03-30 23:08:41 -0400
submissions/334____simonwux1.py,2024-03-30 23:08:44 -0400
submissions/335____north-rav.go,2024-03-30 23:08:48 -0400
submissions/336____Ashwini_Tiwari.cpp,2024-03-30 23:08:54 -0400
submissions/337____ding-fei-5.py,2024-03-30 23:08:59 -0400
submissions/338____johnwu.py,2024-03-30 22:59:01 -0400
submissions/339____2499370956.java,2024-03-30 23:09:02 -0400
submissions/340____mohit__009.cpp,2024-03-30 23:09:04 -0400
submissions/341____mrn3088.cpp,2024-03-30 23:09:05 -0400
submissions/342____sweet-joliotxq4.cpp,2024-03-30 23:04:07 -0400
submissions/343____chessnazar2000.cpp,2024-03-30 23:09:14 -0400
submissions/344____oxkexrzjz.rs,2024-03-30 23:04:14 -0400
submissions/345____varunduhan02.cpp,2024-03-30 23:09:20 -0400
submissions/346____CoderHxc.cpp,2024-03-30 23:09:22 -0400
submissions/347____asommajoli.cpp,2024-03-30 23:09:22 -0400
submissions/348____manikiran949.cpp,2024-03-30 23:04:22 -0400
submissions/349____jszqlew.py,2024-03-30 23:09:25 -0400
submissions/350____pipixia-9527.java,2024-03-30 23:09:29 -0400
submissions/351____altaf_14.cpp,2024-03-30 23:09:30 -0400
submissions/352____user9218i.cpp,2024-03-30 23:09:32 -0400
submissions/353____badwomanzz.cpp,2024-03-30 23:04:33 -0400
submissions/354____kml123.cpp,2024-03-30 23:09:35 -0400
submissions/355____cuicuisha.cpp,2024-03-30 23:09:39 -0400
submissions/356____ratuldawar11.cpp,2024-03-30 23:09:44 -0400
submissions/357____arayi.cpp,2024-03-30 23:04:56 -0400
submissions/358____colin_07.py,2024-03-30 23:10:03 -0400
submissions/359____jcoves.cpp,2024-03-30 23:05:08 -0400
submissions/360____Code-O-Maniac.cpp,2024-03-30 23:10:12 -0400
submissions/361____raghu30.cpp,2024-03-30 23:10:13 -0400
submissions/362____pranjalsingh1702.cpp,2024-03-30 23:10:13 -0400
submissions/363____qi-dian-n.py,2024-03-30 23:05:14 -0400
submissions/364_____drifter.cpp,2024-03-30 23:05:16 -0400
submissions/365____rohanvedula.py,2024-03-30 23:05:24 -0400
submissions/366____SkinnySnakeLimb.py,2024-03-30 23:05:24 -0400
submissions/367____strange-davinciper.cpp,2024-03-30 23:10:24 -0400
submissions/368____sakuyaqwq.cpp,2024-03-30 23:10:29 -0400
submissions/369____TooMuchFreeTime.cpp,2024-03-30 23:10:29 -0400
submissions/370____goodluck123.java,2024-03-30 23:10:30 -0400
submissions/371____rastsislau.cpp,2024-03-30 23:10:30 -0400
submissions/372____geeni6.js,2024-03-30 23:10:33 -0400
submissions/373____just_hands13.cpp,2024-03-30 23:10:35 -0400
submissions/374____zx2020.cpp,2024-03-30 23:05:35 -0400
submissions/375____fugally787.py,2024-03-30 23:10:36 -0400
submissions/376______sebasti0n__.cpp,2024-03-30 23:05:37 -0400
submissions/377____wangyaqi.py,2024-03-30 23:10:40 -0400
submissions/378____zio-z.py,2024-03-30 23:05:41 -0400
submissions/379____doge_cheems.java,2024-03-30 23:10:41 -0400
submissions/380____darkotori.cpp,2024-03-30 23:10:43 -0400
submissions/381____lakh.cpp,2024-03-30 23:10:51 -0400
submissions/382____leetcoder_bro.cpp,2024-03-30 23:10:55 -0400
submissions/383____samliu12.cpp,2024-03-30 23:10:56 -0400
submissions/384____6racious-wilesxjv.py,2024-03-30 23:10:14 -0400
submissions/385____harsh_bang7.cpp,2024-03-30 23:10:57 -0400
submissions/386____sohelH.cpp,2024-03-30 23:10:58 -0400
submissions/387____weng-zhe-yu.cpp,2024-03-30 23:11:00 -0400
submissions/388____ka_ush.cpp,2024-03-30 23:11:02 -0400
submissions/389____Tanguilol.java,2024-03-30 23:11:03 -0400
submissions/390____iofu728.py,2024-03-30 23:06:03 -0400
submissions/391____upperknoot.cpp,2024-03-30 23:11:04 -0400
submissions/392____colicon.py,2024-03-30 23:06:07 -0400
submissions/393____sandbag.cpp,2024-03-30 23:06:09 -0400
submissions/394____Odinnnnnn.py,2024-03-30 23:06:10 -0400
submissions/395____109072145.cpp,2024-03-30 23:11:19 -0400
submissions/396____KatherineLiu.py,2024-03-30 23:11:20 -0400
submissions/397____Romy67.cpp,2024-03-30 23:06:20 -0400
submissions/398____AasrishVinay.cpp,2024-03-30 23:11:25 -0400
submissions/399____bbhavik_16.cpp,2024-03-30 23:11:33 -0400
submissions/400____leoncn.java,2024-03-30 23:06:35 -0400
submissions/401____54CVhBa16A.js,2024-03-30 23:10:12 -0400
submissions/402____cjycleaner.cpp,2024-03-30 23:11:51 -0400
submissions/403____profchi.java,2024-03-30 23:11:52 -0400
submissions/404____stemdarrenyang.cpp,2024-03-30 23:11:56 -0400
submissions/405____nqvr.py,2024-03-30 23:11:56 -0400
submissions/406____qiu-tian-han-5.cpp,2024-03-30 23:12:04 -0400
submissions/407____math_pi.cpp,2024-03-30 23:07:08 -0400
submissions/408____lu-chen-chen.java,2024-03-30 23:07:16 -0400
submissions/409____no_lie.cpp,2024-03-30 23:07:18 -0400
submissions/410____abhaytiv.java,2024-03-30 23:07:23 -0400
submissions/411____relaxed-lamportyiz.cpp,2024-03-30 23:12:25 -0400
submissions/412____RickeyZheng.cpp,2024-03-30 23:02:26 -0400
submissions/413____VIVEK_887.java,2024-03-30 23:12:33 -0400
submissions/414____mufti.cpp,2024-03-30 23:12:33 -0400
submissions/415____zonda-30.py,2024-03-30 23:12:33 -0400
submissions/416____yukimaki.cpp,2024-03-30 23:07:37 -0400
submissions/417____jeyan_s.py,2024-03-30 23:12:39 -0400
submissions/418____noobiiitian.cpp,2024-03-30 23:12:40 -0400
submissions/419____satputerohit00.cpp,2024-03-30 23:07:45 -0400
submissions/420____RayHongZ.py,2024-03-30 23:12:45 -0400
submissions/421____tinnamchoi.cpp,2024-03-30 23:12:47 -0400
submissions/422____funny-chaplyginbiw.cpp,2024-03-30 23:07:52 -0400
submissions/423____Albert_Zhang.py,2024-03-30 23:08:02 -0400
submissions/424____VisheshGarg.cpp,2024-03-30 23:08:14 -0400
submissions/425____user1428I.ts,2024-03-30 23:13:14 -0400
submissions/426____shohanur814.cpp,2024-03-30 23:13:16 -0400
submissions/427____iamonborderline.cpp,2024-03-30 23:08:19 -0400
submissions/428____CAEL0.cpp,2024-03-30 23:13:20 -0400
submissions/429____time-v5.java,2024-03-30 23:13:20 -0400
submissions/430____kesshb.java,2024-03-30 23:13:24 -0400
submissions/431____cheng-wei-hao.py,2024-03-30 23:13:29 -0400
submissions/432____anna-hcj.js,2024-03-30 23:13:30 -0400
submissions/433____chaosxlive.py,2024-03-30 23:08:34 -0400
submissions/434____frogfox.py,2024-03-30 23:13:36 -0400
submissions/435____oneq.cpp,2024-03-30 23:08:36 -0400
submissions/436____21ucs225.cpp,2024-03-30 23:13:38 -0400
submissions/437____andy-lc.py,2024-03-30 23:13:38 -0400
submissions/438____tinku_vishnu.java,2024-03-30 23:13:44 -0400
submissions/439____pookie_.py,2024-03-30 23:13:50 -0400
submissions/440____rishavkr9934.cpp,2024-03-30 23:13:52 -0400
submissions/441____jiu-ren-36.cpp,2024-03-30 23:08:54 -0400
submissions/442____MohoGup.cpp,2024-03-30 23:08:54 -0400
submissions/443____WaxOnWaxOff.py,2024-03-30 23:13:54 -0400
submissions/444____alen0216056.cpp,2024-03-30 23:08:56 -0400
submissions/445____xenodochial-moser.cpp,2024-03-30 23:08:58 -0400
submissions/446____deepak_3462.cpp,2024-03-30 23:14:00 -0400
submissions/447____hdchen.java,2024-03-30 23:14:00 -0400
submissions/448____12112113.cpp,2024-03-30 23:09:08 -0400
submissions/449____kanisht01.cpp,2024-03-30 23:14:09 -0400
submissions/450____lyronly.cpp,2024-03-30 23:14:13 -0400
submissions/451____anurag78_20.cpp,2024-03-30 23:14:18 -0400
submissions/452____admiring-matsumotomgs.cpp,2024-03-30 22:54:18 -0400
submissions/453____stangri02.cpp,2024-03-30 23:14:22 -0400
submissions/454_____tim.cpp,2024-03-30 23:04:33 -0400
submissions/455____dinskid.cpp,2024-03-30 23:09:28 -0400
submissions/456____smaran_18.cpp,2024-03-30 23:14:31 -0400
submissions/457____bhavik_11.cpp,2024-03-30 23:14:36 -0400
submissions/458____szoro.cpp,2024-03-30 23:14:39 -0400
submissions/459_____srihari_.cpp,2024-03-30 23:14:48 -0400
submissions/460____samanwaysadhu5.cpp,2024-03-30 23:14:49 -0400
submissions/461____nan-xin-da-xun-meng-long.cpp,2024-03-30 23:14:51 -0400
submissions/462____Skythrill.java,2024-03-30 23:09:52 -0400
submissions/463____recursing-mcnultyqvd.cpp,2024-03-30 23:14:52 -0400
submissions/464____Sundae2608.py,2024-03-30 23:14:53 -0400
submissions/465____thundersmoker.cpp,2024-03-30 23:14:55 -0400
submissions/466____shivamaggarwal513.cpp,2024-03-30 23:14:56 -0400
submissions/467____gifted-elionhqc.java,2024-03-30 23:14:58 -0400
submissions/468____user2164R.cpp,2024-03-30 23:09:58 -0400
submissions/469____xiao-lan-td.cpp,2024-03-30 23:15:09 -0400
submissions/470____shivam_jaiswal_11.cpp,2024-03-30 23:10:11 -0400
submissions/471____osxyz.py,2024-03-30 23:15:12 -0400
submissions/472____WanderOvO.cpp,2024-03-30 23:15:13 -0400
submissions/473____Malay_28.cpp,2024-03-30 23:15:14 -0400
submissions/474____satkkeerthi.cpp,2024-03-30 23:15:14 -0400
submissions/475____Tinky1224.py,2024-03-30 23:15:18 -0400
submissions/476____minixue.cpp,2024-03-30 23:10:18 -0400
submissions/477____jeal0uspengu1n.cpp,2024-03-30 23:10:21 -0400
submissions/478____btheism-v.cpp,2024-03-30 23:15:23 -0400
submissions/479____divyam_sharad.cpp,2024-03-30 23:10:24 -0400
submissions/480____Nippon2021.py,2024-03-30 23:10:25 -0400
submissions/481____danghuybk.py,2024-03-30 23:10:27 -0400
submissions/482____lakshaygpt28.cpp,2024-03-30 23:15:35 -0400
submissions/483____larisyang.cpp,2024-03-30 23:15:35 -0400
submissions/484____liupengsay.py,2024-03-30 23:15:35 -0400
submissions/485____virajchandra51.cpp,2024-03-30 23:15:36 -0400
submissions/486____scyyyyyyyyy.py,2024-03-30 23:10:37 -0400
submissions/487____9caiji.cpp,2024-03-30 23:05:39 -0400
submissions/488____PankajGhodla.py,2024-03-30 23:10:41 -0400
submissions/489____mayank81757.cpp,2024-03-30 23:10:43 -0400
submissions/490____qiye-5.cpp,2024-03-30 23:10:48 -0400
submissions/491____8symbols.py,2024-03-30 23:15:52 -0400
submissions/492____og_.cpp,2024-03-30 23:16:00 -0400
submissions/493____Hayford08.cpp,2024-03-30 23:16:00 -0400
submissions/494____bool3.py,2024-03-30 23:16:01 -0400
submissions/495____Fzldq.py,2024-03-30 23:16:03 -0400
submissions/496____neomao.java,2024-03-30 23:16:12 -0400
submissions/497____SharathSsSs.cpp,2024-03-30 23:16:12 -0400
submissions/498____mew.cpp,2024-03-30 23:16:18 -0400
submissions/499____goldenwind.cpp,2024-03-30 23:11:23 -0400
submissions/500____zhangsz1998.py,2024-03-30 23:16:24 -0400
submissions/501____FreeYourMind.py,2024-03-30 23:11:28 -0400
submissions/502____dhuamaniluLujanCarrion.cpp,2024-03-30 23:06:34 -0400
submissions/503____niteshshakya008.cpp,2024-03-30 23:16:37 -0400
submissions/504____wenboz.java,2024-03-30 23:16:38 -0400
submissions/505____vigilant-hawkingypv.cpp,2024-03-30 23:11:44 -0400
submissions/506____insomniacat.cpp,2024-03-30 23:16:47 -0400
submissions/507____vanshmotwani16_21.cpp,2024-03-30 23:16:48 -0400
submissions/508____sunil1906.cpp,2024-03-30 23:16:52 -0400
submissions/509____ashwinmishra.cpp,2024-03-30 23:16:58 -0400
submissions/510____anuragdw0710.cpp,2024-03-30 23:16:59 -0400
submissions/511____ddiibboo.java,2024-03-30 23:16:59 -0400
submissions/512____xiao-yao-sheng-v.go,2024-03-30 23:17:02 -0400
submissions/513____yg01.cpp,2024-03-30 23:07:08 -0400
submissions/514____tr1ten.py,2024-03-30 23:17:09 -0400
submissions/515____bocha.cpp,2024-03-30 23:17:09 -0400
submissions/516____v_s_codes.cpp,2024-03-30 23:17:12 -0400
submissions/517____Wibo.cpp,2024-03-30 23:12:16 -0400
submissions/518____mikeac.py,2024-03-30 23:17:18 -0400
submissions/519____yong-ren-2n.py,2024-03-30 23:12:21 -0400
submissions/520____rmsa_07.cpp,2024-03-30 23:12:26 -0400
submissions/521____tomarint.rs,2024-03-30 23:17:27 -0400
submissions/522____dineshchandran311.java,2024-03-30 23:17:33 -0400
submissions/523____gxylengli.cpp,2024-03-30 23:12:36 -0400
submissions/524____peplup_world.py,2024-03-30 23:15:32 -0400
submissions/525____yuanchenxi2022.py,2024-03-30 23:12:39 -0400
submissions/526____TejaMeraNaam.cpp,2024-03-30 23:12:43 -0400
submissions/527____jk_s.cpp,2024-03-30 23:17:12 -0400
submissions/528____qian-li-ping-sha.cpp,2024-03-30 23:17:44 -0400
submissions/529____lin_lance_07.py,2024-03-30 23:17:44 -0400
submissions/530____BadalArya.cpp,2024-03-30 23:17:47 -0400
submissions/531____zzjjbb.py,2024-03-30 23:12:48 -0400
submissions/532____chalkydoge.py,2024-03-30 23:12:48 -0400
submissions/533____cavetr.ts,2024-03-30 23:17:50 -0400
submissions/534____harshbardolia.cpp,2024-03-30 23:12:50 -0400
submissions/535____eether.cpp,2024-03-30 23:17:51 -0400
submissions/536____tiankonguse.cpp,2024-03-30 23:17:54 -0400
submissions/537____g129512.py,2024-03-30 23:17:55 -0400
submissions/538____Sharad2001.cpp,2024-03-30 23:11:09 -0400
submissions/539____user3603T.py,2024-03-30 23:03:02 -0400
submissions/540____Animmah.cpp,2024-03-30 23:08:03 -0400
submissions/541____stupidRR.cpp,2024-03-30 23:08:04 -0400
submissions/542____hkhzzz.cpp,2024-03-30 23:08:06 -0400
submissions/543____LowSugarCoke.cpp,2024-03-30 23:08:07 -0400
submissions/544____4irmelt.py,2024-03-30 23:13:20 -0400
submissions/545____gradesking.cpp,2024-03-30 23:18:21 -0400
submissions/546____loving-i2hodesgux.py,2024-03-30 23:13:23 -0400
submissions/547____yoochun.cpp,2024-03-30 23:08:26 -0400
submissions/548____harshit_08.cpp,2024-03-30 23:08:31 -0400
submissions/549____JiaLiLue.cpp,2024-03-30 23:13:32 -0400
submissions/550____jithin420.py,2024-03-30 23:18:34 -0400
submissions/551____unknown_ajay.cpp,2024-03-30 23:18:34 -0400
submissions/552____ys-y.cpp,2024-03-30 23:18:40 -0400
submissions/553____Prasad264.cpp,2024-03-30 22:58:46 -0400
submissions/554____ihgazi.cpp,2024-03-30 23:18:49 -0400
submissions/555____sammochen.cpp,2024-03-30 23:13:51 -0400
submissions/556____exciting-sutherlandkhy.cpp,2024-03-30 23:03:56 -0400
submissions/557____anmolraykhere.cpp,2024-03-30 23:18:57 -0400
submissions/558____shivanshudixit16.py,2024-03-30 23:19:00 -0400
submissions/559____gcasd001-e.cpp,2024-03-30 23:19:08 -0400
submissions/560____iamch15542.cpp,2024-03-30 23:09:08 -0400
submissions/561____Sabbi_coder.cpp,2024-03-30 23:19:14 -0400
submissions/562____hhhhao-7.cpp,2024-03-30 23:14:15 -0400
submissions/563____mujian63.py,2024-03-30 23:19:17 -0400
submissions/564____sshang.py,2024-03-30 23:19:19 -0400
submissions/565____2022_grad.cpp,2024-03-30 23:19:20 -0400
submissions/566____JainWinn.cpp,2024-03-30 23:19:22 -0400
submissions/567____ProveMeRight.cpp,2024-03-30 23:14:26 -0400
submissions/568____suili.py,2024-03-30 23:19:30 -0400
submissions/569____user6877b.cpp,2024-03-30 23:19:30 -0400
submissions/570____winter_dragon.py,2024-03-30 23:19:31 -0400
submissions/571____vaibhavdb.java,2024-03-30 23:19:31 -0400
submissions/572____flame-f.cpp,2024-03-30 23:14:32 -0400
submissions/573____Graffirn.py,2024-03-30 23:14:39 -0400
submissions/574____lzl124631x.cpp,2024-03-30 23:19:41 -0400
submissions/575____alwayswin.cpp,2024-03-30 23:04:48 -0400
submissions/576____kartikpapney.java,2024-03-30 23:19:53 -0400
submissions/577____jian-shen-_.cpp,2024-03-30 23:09:54 -0400
submissions/578____lniiwuw.cpp,2024-03-30 23:19:56 -0400
submissions/579____naman2003now.py,2024-03-30 23:15:04 -0400
submissions/580____nemaleswang.cpp,2024-03-30 23:15:04 -0400
submissions/581____xyzabcdef.cpp,2024-03-30 23:15:05 -0400
submissions/582____hero777.cpp,2024-03-30 23:20:07 -0400
submissions/583____gamer37.cpp,2024-03-30 23:20:11 -0400
submissions/584____sumit_1212.cpp,2024-03-30 23:20:15 -0400
submissions/585____pcardenasb.py,2024-03-30 23:20:20 -0400
submissions/586____envyaims.cpp,2024-03-30 23:10:21 -0400
submissions/587____kalpit04.cpp,2024-03-30 23:20:28 -0400
submissions/588____Arif2321.cpp,2024-03-30 23:10:37 -0400
submissions/589____aadiitya.cpp,2024-03-30 23:15:38 -0400
submissions/590____csjue.cpp,2024-03-30 23:20:40 -0400
submissions/591____tanuj_taneja.cpp,2024-03-30 23:20:42 -0400
submissions/592____wxy9018.py,2024-03-30 23:15:47 -0400
submissions/593____iaryangupta.cpp,2024-03-30 23:20:54 -0400
submissions/594____akramshafeek.cpp,2024-03-30 23:21:06 -0400
submissions/595____tr1nity.cpp,2024-03-30 23:21:10 -0400
submissions/596____Anonymous2610.cpp,2024-03-30 23:21:12 -0400
submissions/597____chi-yue-dian.cpp,2024-03-30 23:21:17 -0400
submissions/598____pandeydivyansh1803.cpp,2024-03-30 23:21:19 -0400
submissions/599____lwpyr.cpp,2024-03-30 23:21:21 -0400
submissions/600____Gaurav_Upreti.cpp,2024-03-30 23:16:24 -0400
submissions/601____Rishab01.cpp,2024-03-30 23:21:26 -0400
submissions/602____itsalsouday.cpp,2024-03-30 23:21:29 -0400
submissions/603____peaceful-villanivtd.py,2024-03-30 23:11:34 -0400
submissions/604____pensive-easleys0j.cpp,2024-03-30 23:16:34 -0400
submissions/605____hackysackacus.cpp,2024-03-30 23:11:38 -0400
submissions/606____kai-ju-na-tiao-gou.cpp,2024-03-30 23:03:35 -0400
submissions/607____U7KARSH.cpp,2024-03-30 23:16:43 -0400
submissions/608____akashtomar19.cpp,2024-03-30 23:16:46 -0400
submissions/609____alreadyselfish.py,2024-03-30 23:21:49 -0400
submissions/610____No0b_Coder.cpp,2024-03-30 23:11:52 -0400
submissions/611____chroniclesofcode.cpp,2024-03-30 23:21:54 -0400
submissions/612____se-ping-li-de-chao-yan-suan.py,2024-03-30 23:12:02 -0400
submissions/613____user8000f.cpp,2024-03-30 23:22:03 -0400
submissions/614____faizanhussain2310.cpp,2024-03-30 23:22:07 -0400
submissions/615____ou-hai-ziJHu23dNZ.java,2024-03-30 23:22:10 -0400
submissions/616____CoderintheNorth.cpp,2024-03-30 23:22:11 -0400
submissions/617____bhardwajb347.cpp,2024-03-30 23:22:12 -0400
submissions/618____junruiw.cpp,2024-03-30 23:17:16 -0400
submissions/619____hongochoangm.py,2024-03-30 23:17:17 -0400
submissions/620____Fasdr.java,2024-03-30 23:22:20 -0400
submissions/621____TheCleanser.cpp,2024-03-30 23:22:27 -0400
submissions/622____QL666.py,2024-03-30 23:22:32 -0400
submissions/623____Tyrande.cpp,2024-03-30 23:22:34 -0400
submissions/624____dingmingcheng1.java,2024-03-30 23:17:36 -0400
submissions/625____lrxac.cpp,2024-03-30 23:17:39 -0400
submissions/626____Claucisco.py,2024-03-30 23:22:39 -0400
submissions/627____A_S_.cpp,2024-03-30 23:22:41 -0400
submissions/628____ChenJiale.cpp,2024-03-30 23:22:49 -0400
submissions/629____adrain-1.cpp,2024-03-30 23:12:51 -0400
submissions/630____naveentummala033.py,2024-03-30 23:22:52 -0400
submissions/631____zhuan-ye-hu-u.py,2024-03-30 23:22:53 -0400
submissions/632____lozy219.cpp,2024-03-30 23:12:53 -0400
submissions/633____utsavkanani.cpp,2024-03-30 23:22:55 -0400
submissions/634____cybsbbbb.py,2024-03-30 23:23:03 -0400
submissions/635____shaili17.java,2024-03-30 23:18:05 -0400
submissions/636____saikaushik333.java,2024-03-30 23:23:07 -0400
submissions/637____ruoqiu.cpp,2024-03-30 23:23:11 -0400
submissions/638____jmyanxiang.py,2024-03-30 23:18:14 -0400
submissions/639____nemokwy.py,2024-03-30 23:03:16 -0400
submissions/640____chuka231.cpp,2024-03-30 23:23:16 -0400
submissions/641____LeetCoding_Pro.java,2024-03-30 23:23:16 -0400
submissions/642____arjit_07.cpp,2024-03-30 23:13:18 -0400
submissions/643____agix.cpp,2024-03-30 23:23:19 -0400
submissions/644____Satyam__thakur.cpp,2024-03-30 23:23:20 -0400
submissions/645____Mouceant.py,2024-03-30 23:18:23 -0400
submissions/646____indianick.cpp,2024-03-30 23:23:25 -0400
submissions/647____hao-yue-xing-chen-e.py,2024-03-30 23:23:25 -0400
submissions/648____lets_go_boys.cpp,2024-03-30 23:23:27 -0400
submissions/649____vodanh9710.py,2024-03-30 23:23:32 -0400
submissions/650____Mohanito.cpp,2024-03-30 23:23:33 -0400
submissions/651____huangshan01.py,2024-03-30 23:23:34 -0400
submissions/652____hoanh.cpp,2024-03-30 23:23:34 -0400
submissions/653____ZEON3099.cpp,2024-03-30 23:23:36 -0400
submissions/654_____ace01.cpp,2024-03-30 23:18:41 -0400
submissions/655____pepe54.cpp,2024-03-30 23:18:45 -0400
submissions/656____prem__.cpp,2024-03-30 23:23:47 -0400
submissions/657____w285714.cpp,2024-03-30 23:18:51 -0400
submissions/658____naveensms13.py,2024-03-30 23:23:53 -0400
submissions/659____ChoyaPrime.py,2024-03-30 23:23:55 -0400
submissions/660____mxc3.cpp,2024-03-30 23:23:56 -0400
submissions/661____The_Izanagi.cpp,2024-03-30 23:18:57 -0400
submissions/662____gohomeclub.go,2024-03-30 23:23:58 -0400
submissions/663_____otto.py,2024-03-30 23:21:12 -0400
submissions/664____a7174812.cpp,2024-03-30 23:19:02 -0400
submissions/665____icherniukh.py,2024-03-30 23:24:02 -0400
submissions/666____YouKnowWho.cpp,2024-03-30 23:24:05 -0400
submissions/667____datnormie.js,2024-03-30 23:24:05 -0400
submissions/668____bhavik_2001.cpp,2024-03-30 23:19:10 -0400
submissions/669____DeepakKumarRaturi.cpp,2024-03-30 23:24:12 -0400
submissions/670____viraj_vrj.cpp,2024-03-30 23:19:17 -0400
submissions/671____infinity_4321.cpp,2024-03-30 23:24:18 -0400
submissions/672____Harshkriplani.cpp,2024-03-30 23:19:19 -0400
submissions/673____Siddharth1411.cpp,2024-03-30 23:24:22 -0400
submissions/674____yi-jiu-f6.cpp,2024-03-30 23:14:22 -0400
submissions/675____ysh_mrk.cpp,2024-03-30 23:09:04 -0400
submissions/676____ashwinbanwari.cpp,2024-03-30 23:24:24 -0400
submissions/677____TaranTheMonk.py,2024-03-30 23:24:24 -0400
submissions/678____batman992.cpp,2024-03-30 23:19:29 -0400
submissions/679____yz09.py,2024-03-30 23:13:51 -0400
submissions/680____guddusingh123.cpp,2024-03-30 23:24:30 -0400
submissions/681____ArunPanwar.cpp,2024-03-30 23:24:31 -0400
submissions/682____05_aditya_aggarwal_03.cpp,2024-03-30 23:24:32 -0400
submissions/683____ddd-a.cpp,2024-03-30 23:19:38 -0400
submissions/684____dk_sensei.cpp,2024-03-30 23:19:39 -0400
submissions/685____Amrharb.cpp,2024-03-30 23:24:40 -0400
submissions/686____cavenqjw.py,2024-03-30 23:19:43 -0400
submissions/687____xia_q.py,2024-03-30 23:24:46 -0400
submissions/688____fsyun.java,2024-03-30 23:24:50 -0400
submissions/689____MayankSavaliya.cpp,2024-03-30 23:19:52 -0400
submissions/690____ni-hong-ge.cpp,2024-03-30 23:19:52 -0400
submissions/691____hr_boghani.cpp,2024-03-30 23:24:52 -0400
submissions/692____fll-1.cpp,2024-03-30 23:15:49 -0400
submissions/693____qinzhe.py,2024-03-30 23:23:48 -0400
submissions/694____ceaxyz.py,2024-03-30 23:25:01 -0400
submissions/695____ARNOLD66.cpp,2024-03-30 23:25:11 -0400
submissions/696____prutkoi.cpp,2024-03-30 23:25:14 -0400
submissions/697____yang_zhanwu.cpp,2024-03-30 23:25:16 -0400
submissions/698____Kushal47.cpp,2024-03-30 23:25:18 -0400
submissions/699____Samuel3Shin.cpp,2024-03-30 23:25:19 -0400
submissions/700____8by8.py,2024-03-30 23:20:20 -0400
submissions/701____Anshit_24.cpp,2024-03-30 23:20:20 -0400
submissions/702____purinliang.cpp,2024-03-30 23:25:27 -0400
submissions/703____bnlvv.py,2024-03-30 23:25:31 -0400
submissions/704____gaurav_ghidode.cpp,2024-03-30 23:20:34 -0400
submissions/705____shchen527.cpp,2024-03-30 23:25:36 -0400
submissions/706____luojh.java,2024-03-30 23:25:36 -0400
submissions/707____MinhBaoSoCool.cpp,2024-03-30 23:25:41 -0400
submissions/708____thumbpixels.py,2024-03-30 23:25:41 -0400
submissions/709____Armaan48.cpp,2024-03-30 23:25:43 -0400
submissions/710____mangoDD.cpp,2024-03-30 23:25:47 -0400
submissions/711____5_Apm.py,2024-03-30 23:25:50 -0400
submissions/712____counter98.cpp,2024-03-30 23:25:50 -0400
submissions/713____adityachauhan2501.cpp,2024-03-30 23:20:53 -0400
submissions/714____harsh99999.cpp,2024-03-30 23:20:54 -0400
submissions/715____zzzdonut.py,2024-03-30 23:20:56 -0400
submissions/716____Harry666.cpp,2024-03-30 23:25:58 -0400
submissions/717____miyanyanyan.cpp,2024-03-30 23:26:01 -0400
submissions/718____forasssk.cpp,2024-03-30 23:21:02 -0400
submissions/719____hotaery.cpp,2024-03-30 23:26:11 -0400
submissions/720____da2zling-albattaninhi.java,2024-03-30 23:26:14 -0400
submissions/721____marvel308.cpp,2024-03-30 23:21:15 -0400
submissions/722____MakeChanges.java,2024-03-30 23:26:18 -0400
submissions/723____LvMycNoS7n.py,2024-03-30 23:21:20 -0400
submissions/724____vikasss.cpp,2024-03-30 23:26:21 -0400
submissions/725____JZhu0815.java,2024-03-30 23:26:26 -0400
submissions/726____ajingo.cpp,2024-03-30 23:26:26 -0400
submissions/727____acyytm.cpp,2024-03-30 23:26:26 -0400
submissions/728____rashmithachiliveri.cpp,2024-03-30 23:21:31 -0400
submissions/729____dd_001__.cpp,2024-03-30 23:26:32 -0400
submissions/730____park29.py,2024-03-30 23:26:34 -0400
submissions/731____sunrise1024.cpp,2024-03-30 23:21:35 -0400
submissions/732____test_th.py,2024-03-30 23:21:37 -0400
submissions/733____Okx4SpBLT6.cpp,2024-03-30 23:11:37 -0400
submissions/734____zjbztianya.cpp,2024-03-30 23:21:53 -0400
submissions/735____kaname_asuka.py,2024-03-30 23:16:59 -0400
submissions/736______kaus__.cpp,2024-03-30 23:27:00 -0400
submissions/737____penciy.java,2024-03-30 23:17:00 -0400
submissions/738____agitated-albattanil1g.cpp,2024-03-30 23:06:39 -0400
submissions/739____subodhr2001.cpp,2024-03-30 23:17:05 -0400
submissions/740____spfaizali02.cpp,2024-03-30 23:27:05 -0400
submissions/741____piotr_detyna.py,2024-03-30 23:27:09 -0400
submissions/742____plyusnovdmitrii.cpp,2024-03-30 23:12:09 -0400
submissions/743____legobridge.py,2024-03-30 23:22:10 -0400
submissions/744____sgr9.java,2024-03-30 23:27:12 -0400
submissions/745____akash_1513.cpp,2024-03-30 23:22:13 -0400
submissions/746____Anuj_Ag.cpp,2024-03-30 23:22:14 -0400
submissions/747____yi-ming-1.cpp,2024-03-30 23:27:16 -0400
submissions/748____aniketrajput25.cpp,2024-03-30 23:27:19 -0400
submissions/749____shootingstar33.cpp,2024-03-30 23:22:19 -0400
submissions/750____Ayaan8103.py,2024-03-30 23:22:21 -0400
submissions/751____vipbaswan.cpp,2024-03-30 23:17:23 -0400
submissions/752____Wzsssss.cpp,2024-03-30 23:17:27 -0400
submissions/753____NerdyCoder.cpp,2024-03-30 23:22:28 -0400
submissions/754____turing-sheep.cpp,2024-03-30 23:27:29 -0400
submissions/755____yakkun19.py,2024-03-30 23:27:30 -0400
submissions/756____rupanugamishra.cpp,2024-03-30 23:17:34 -0400
submissions/757____Divyansh_Garg03.cpp,2024-03-30 23:27:34 -0400
submissions/758____aman9598.cpp,2024-03-30 23:27:36 -0400
submissions/759____cokefan.cpp,2024-03-30 23:27:37 -0400
submissions/760____divyansh956.cpp,2024-03-30 23:27:39 -0400
submissions/761____coderchamp07.cpp,2024-03-30 23:17:42 -0400
submissions/762____b03201008.py,2024-03-30 23:22:47 -0400
submissions/763____0222_.cpp,2024-03-30 23:17:48 -0400
submissions/764____akg7227.cpp,2024-03-30 23:27:50 -0400
submissions/765____is2ac.java,2024-03-30 23:22:52 -0400
submissions/766____vanshgupta7.cpp,2024-03-30 23:27:52 -0400
submissions/767____jyq_.cpp,2024-03-30 23:22:52 -0400
submissions/768____hellotestabc.cpp,2024-03-30 23:17:57 -0400
submissions/769____pavanareti02.cpp,2024-03-30 23:27:58 -0400
submissions/770____aditya0610.cpp,2024-03-30 23:22:59 -0400
submissions/771____Nishtan.cpp,2024-03-30 23:23:00 -0400
submissions/772____sigma_03.cpp,2024-03-30 23:18:05 -0400
submissions/773____neilchetty.java,2024-03-30 23:28:07 -0400
submissions/774____Puneet7373.cpp,2024-03-30 23:28:08 -0400
submissions/775____santhoshsai85.cpp,2024-03-30 23:23:15 -0400
submissions/776____jayaanandabalaji.py,2024-03-30 23:28:16 -0400
submissions/777____asynchron.cpp,2024-03-30 23:28:18 -0400
submissions/778____Rad0miR.cs,2024-03-30 23:28:20 -0400
submissions/779____toolman.cpp,2024-03-30 23:18:21 -0400
submissions/780____lastjoker99.py,2024-03-30 23:28:22 -0400
submissions/781____harttle.js,2024-03-30 23:28:25 -0400
submissions/782____sourabhmiglani57.cpp,2024-03-30 23:28:29 -0400
submissions/783____krishnash1355.cpp,2024-03-30 23:23:30 -0400
submissions/784____magic1024.py,2024-03-30 23:28:34 -0400
submissions/785____liq-bee.cpp,2024-03-30 23:18:36 -0400
submissions/786____3FrenchOmelettes.cpp,2024-03-30 23:28:40 -0400
submissions/787____tzeng12.py,2024-03-30 23:18:43 -0400
submissions/788____definitelynotmee.cpp,2024-03-30 23:08:44 -0400
submissions/789____AdityaRaj_cpp.cpp,2024-03-30 23:13:48 -0400
submissions/790____sxauwzz.py,2024-03-30 23:23:49 -0400
submissions/791____xyzlancehe.cpp,2024-03-30 23:18:54 -0400
submissions/792____chuan-chih.py,2024-03-30 23:23:56 -0400
submissions/793____AkameOuO.py,2024-03-30 23:29:02 -0400
submissions/794____xia-fan-xiao-han.cpp,2024-03-30 23:24:03 -0400
submissions/795____allw.cpp,2024-03-30 23:29:04 -0400
submissions/796____liu-zhang-xian-sheng-i.cpp,2024-03-30 23:24:08 -0400
submissions/797____SouLPegasuS.cpp,2024-03-30 23:24:10 -0400
submissions/798____7ucid-williamsq62.py,2024-03-30 23:29:11 -0400
submissions/799____sean-xiangyu-yu.py,2024-03-30 23:19:15 -0400
submissions/800____gsaivishal.cpp,2024-03-30 23:29:19 -0400
submissions/801____richweiwei.cpp,2024-03-30 23:29:21 -0400
submissions/802____deepak_yadav_7.cpp,2024-03-30 23:29:23 -0400
submissions/803____jdkcloud.cpp,2024-03-30 23:24:24 -0400
submissions/804____gargaditya914.cpp,2024-03-30 23:24:27 -0400
submissions/805____sujithkp.cpp,2024-03-30 23:19:27 -0400
submissions/806____nipun753.cpp,2024-03-30 23:24:46 -0400
submissions/807____samk522.py,2024-03-30 23:29:47 -0400
submissions/808____mygreatcoder.py,2024-03-30 23:19:48 -0400
submissions/809____AutumnMist.cs,2024-03-30 23:29:49 -0400
submissions/810____ocavue.py,2024-03-30 23:29:54 -0400
submissions/811____angel30818.py,2024-03-30 23:24:54 -0400
submissions/812____leetcode_3604.cpp,2024-03-30 23:21:22 -0400
submissions/813____ni-shang-a.cpp,2024-03-30 23:25:00 -0400
submissions/814____manoj183.cpp,2024-03-30 23:20:02 -0400
submissions/815____Ankit3020.cpp,2024-03-30 23:30:04 -0400
submissions/816____macuadros.cpp,2024-03-30 23:30:05 -0400
submissions/817____dkyyy.py,2024-03-30 23:30:10 -0400
submissions/818____sanskarn17.cpp,2024-03-30 23:20:19 -0400
submissions/819____modest-shternhrz.cpp,2024-03-30 23:30:20 -0400
submissions/820____i3old-goldstineye4.py,2024-03-30 23:30:27 -0400
submissions/821____nhienle94.py,2024-03-30 23:20:29 -0400
submissions/822____wazidongji.py,2024-03-30 23:25:31 -0400
submissions/823____zen-i2osalind.py,2024-03-30 23:25:35 -0400
submissions/824____hashmap_.py,2024-03-30 23:20:37 -0400
submissions/825____wgh000.py,2024-03-30 23:30:39 -0400
submissions/826____HeroKillerEver.py,2024-03-30 23:30:39 -0400
submissions/827____Carisa-Li.py,2024-03-30 23:25:39 -0400
submissions/828____enots43.cpp,2024-03-30 23:30:39 -0400
submissions/829____SupervisorMayHap.py,2024-03-30 23:30:51 -0400
submissions/830____ynnekuw.py,2024-03-30 23:30:55 -0400
submissions/831____papaya.cpp,2024-03-30 23:25:59 -0400
submissions/832____Obes_.py,2024-03-30 23:25:59 -0400
submissions/833____knarf.java,2024-03-30 23:31:00 -0400
submissions/834____will961512.py,2024-03-30 23:26:01 -0400
submissions/835____ChairmanMao.py,2024-03-30 23:26:09 -0400
submissions/836____eternalding.py,2024-03-30 23:31:09 -0400
submissions/837____Beast_376.cpp,2024-03-30 23:31:10 -0400
submissions/838____nhatminh886688.py,2024-03-30 23:31:12 -0400
submissions/839____EUqr2c2cjD8nuX5K.cpp,2024-03-30 23:31:12 -0400
submissions/840____deadRabbit.cpp,2024-03-30 23:26:14 -0400
submissions/841____Shubham-30.cpp,2024-03-30 23:26:16 -0400
submissions/842____xzzzz.cpp,2024-03-30 23:26:16 -0400
submissions/843____manavmajithia6.cpp,2024-03-30 23:31:19 -0400
submissions/844____Atomic5566.cpp,2024-03-30 23:31:20 -0400
submissions/845____devashish59.cpp,2024-03-30 23:31:24 -0400
submissions/846____user3176.py,2024-03-30 23:31:24 -0400
submissions/847____Taciturn_02.cpp,2024-03-30 23:31:26 -0400
submissions/848____zinchse.py,2024-03-30 23:31:29 -0400
submissions/849____Arnav_63638.cpp,2024-03-30 23:31:30 -0400
submissions/850____muyujx.java,2024-03-30 23:31:31 -0400
submissions/851____dipss777.cpp,2024-03-30 23:31:34 -0400
submissions/852_____wow.cpp,2024-03-30 23:26:35 -0400
submissions/853____cool-eulervda.cpp,2024-03-30 23:26:47 -0400
submissions/854____nnustuder.py,2024-03-30 23:26:47 -0400
submissions/855____HarshRajotiya2001.cpp,2024-03-30 23:31:50 -0400
submissions/856____RedHeadphone.py,2024-03-30 23:26:51 -0400
submissions/857____hughstudy-n.java,2024-03-30 23:13:17 -0400
submissions/858____user4607v.java,2024-03-30 23:26:57 -0400
submissions/859____fervent-gangulyq0q.py,2024-03-30 23:26:58 -0400
submissions/860____remineva.py,2024-03-30 23:31:59 -0400
submissions/861____WillTsai.py,2024-03-30 23:27:00 -0400
submissions/862____Maximus8597.cpp,2024-03-30 23:32:03 -0400
submissions/863____de123.cpp,2024-03-30 23:32:07 -0400
submissions/864____tian-bu-sheng-wo-3.py,2024-03-30 23:27:09 -0400
submissions/865____rando_rando.py,2024-03-30 23:32:18 -0400
submissions/866____Splatendoo.java,2024-03-30 23:32:18 -0400
submissions/867____zel_alt.cpp,2024-03-30 23:32:19 -0400
submissions/868____qian-zhuo-bei-shang.py,2024-03-30 23:22:20 -0400
submissions/869____Raviteja_8.cpp,2024-03-30 23:32:21 -0400
submissions/870______Abcd__.cpp,2024-03-30 23:32:22 -0400
submissions/871____pssingh1434.cpp,2024-03-30 23:32:24 -0400
submissions/872____virenkathiriya.cpp,2024-03-30 23:27:26 -0400
submissions/873____miao-xiao-cun-zai-l.cpp,2024-03-30 23:32:30 -0400
submissions/874____baibhavkr143.cpp,2024-03-30 23:32:31 -0400
submissions/875____anhiks.py,2024-03-30 23:21:53 -0400
submissions/876____rajanand18.cpp,2024-03-30 23:27:34 -0400
submissions/877____nostalgic-7iskovnva.cpp,2024-03-30 23:27:34 -0400
submissions/878____Skywarrior2000.cpp,2024-03-30 23:32:36 -0400
submissions/879____khoaisohd.java,2024-03-30 23:26:41 -0400
submissions/880____Naivenerd.cpp,2024-03-30 23:32:48 -0400
submissions/881____R_Shyam_Sundar.cpp,2024-03-30 23:27:50 -0400
submissions/882____bufferjjh.java,2024-03-30 23:27:53 -0400
submissions/883____lyndbq.cpp,2024-03-30 23:32:55 -0400
submissions/884____SamChen856.cpp,2024-03-30 23:27:57 -0400
submissions/885____timelyrain1212.py,2024-03-30 23:27:57 -0400
submissions/886____shivanshx365.cpp,2024-03-30 23:28:02 -0400
submissions/887____recursing-almeidafxd.java,2024-03-30 23:33:03 -0400
submissions/888____vominhtriet02.cpp,2024-03-30 23:18:03 -0400
submissions/889____purunaik2000.js,2024-03-30 23:33:05 -0400
submissions/890____user0729q.cpp,2024-03-30 23:28:08 -0400
submissions/891____eminence_in_shadow.cpp,2024-03-30 23:28:11 -0400
submissions/892____stupid_panda.rs,2024-03-30 23:33:12 -0400
submissions/893____gautham227.cpp,2024-03-30 23:33:15 -0400
submissions/894____yawn_sean_rank_1_apologist.cpp,2024-03-30 23:10:14 -0400
submissions/895____ycq-7.py,2024-03-30 23:33:17 -0400
submissions/896____keyyuan.py,2024-03-30 23:28:18 -0400
submissions/897____imsolty.py,2024-03-30 23:28:21 -0400
submissions/898____cpkqxpgg.go,2024-03-30 23:28:23 -0400
submissions/899____xcoder69.cpp,2024-03-30 23:33:23 -0400
submissions/900____sheldon-29.cpp,2024-03-30 23:18:27 -0400
submissions/901____Abhishekcpr.cpp,2024-03-30 23:33:32 -0400
submissions/902____harshitchauhan3.cpp,2024-03-30 23:33:33 -0400
submissions/903____Rohit_Meena.cpp,2024-03-30 23:23:37 -0400
submissions/904____midnightsimon.cpp,2024-03-30 23:28:39 -0400
submissions/905____2vhs6qJfWa.java,2024-03-30 23:33:41 -0400
submissions/906____Juliet91.py,2024-03-30 23:28:41 -0400
submissions/907____void_harsh.cpp,2024-03-30 23:28:44 -0400
submissions/908____aryangarg0729.cpp,2024-03-30 23:28:47 -0400
submissions/909____Roshanbangar.cpp,2024-03-30 23:33:47 -0400
submissions/910____saurabh600.cpp,2024-03-30 23:33:57 -0400
submissions/911____TT_orz.cpp,2024-03-30 23:33:31 -0400
submissions/912____cy171.py,2024-03-30 23:34:01 -0400
submissions/913____ArinGupta.cpp,2024-03-30 23:29:04 -0400
submissions/914____qweraasdf.cpp,2024-03-30 23:29:05 -0400
submissions/915____Vsoni27.cpp,2024-03-30 23:34:05 -0400
submissions/916____pg_2.py,2024-03-30 23:33:37 -0400
submissions/917____minhnghia2208.py,2024-03-30 23:34:11 -0400
submissions/918____thedude7181.py,2024-03-30 23:24:11 -0400
submissions/919____mgch.cpp,2024-03-30 22:57:04 -0400
submissions/920____lxhgww.cpp,2024-03-30 23:34:14 -0400
submissions/921____AdityaGarg83.cpp,2024-03-30 23:34:20 -0400
submissions/922____nirav114.cpp,2024-03-30 23:19:20 -0400
submissions/923____nektar-pi.cpp,2024-03-30 23:24:22 -0400
submissions/924____agitated-ardinghellixfi.cpp,2024-03-30 23:34:24 -0400
submissions/925____Sushil_kumar.cpp,2024-03-30 23:34:27 -0400
submissions/926____saksham_singhal_2001.cpp,2024-03-30 23:34:32 -0400
submissions/927____himanshu140401.cpp,2024-03-30 23:34:32 -0400
submissions/928____jkq247.java,2024-03-30 23:34:37 -0400
submissions/929____Ashutosh_V.cpp,2024-03-30 23:34:43 -0400
submissions/930____dholiyoo.cpp,2024-03-30 23:29:43 -0400
submissions/931____tanmay_walekar2001.cpp,2024-03-30 23:29:45 -0400
submissions/932____MerryLeopard.java,2024-03-30 23:34:52 -0400
submissions/933____flamboyant-kareoek.cpp,2024-03-30 23:34:54 -0400
submissions/934____frosty-mcleann2v.cpp,2024-03-30 23:34:58 -0400
submissions/935____jayesh_shaw.cpp,2024-03-30 23:30:00 -0400
submissions/936____Ng_Chun-fai.py,2024-03-30 23:35:01 -0400
submissions/937____kavascgjmd39.cpp,2024-03-30 23:20:11 -0400
submissions/938____nk050870.cpp,2024-03-30 23:35:11 -0400
submissions/939______ARYAN1__.cpp,2024-03-30 23:30:12 -0400
submissions/940____cpd_007.cpp,2024-03-30 23:35:13 -0400
submissions/941____augustwang-4.py,2024-03-30 23:20:15 -0400
submissions/942____sbiswas165.java,2024-03-30 23:35:18 -0400
submissions/943____lxy2lxy.cpp,2024-03-30 23:25:19 -0400
submissions/944____Sariabell.cpp,2024-03-30 23:25:19 -0400
submissions/945____lovqq.cpp,2024-03-30 23:20:25 -0400
submissions/946____mhrydv.cpp,2024-03-30 23:25:26 -0400
submissions/947____faultybiscuit.cpp,2024-03-30 23:35:29 -0400
submissions/948____dhruv_gupta123.cpp,2024-03-30 23:20:35 -0400
submissions/949____XKTZ.cpp,2024-03-30 23:25:37 -0400
submissions/950____hope_09.cpp,2024-03-30 23:35:43 -0400
submissions/951____SacredCoupoid08.cpp,2024-03-30 23:25:45 -0400
submissions/952____MorningUsha.cpp,2024-03-30 23:30:52 -0400
submissions/953____Olexander__.cpp,2024-03-30 23:35:53 -0400
submissions/954____tushargupta_1206.cpp,2024-03-30 23:30:55 -0400
submissions/955____pranjal_trvd.cpp,2024-03-30 23:25:55 -0400
submissions/956____shubh08am.cpp,2024-03-30 23:35:58 -0400
submissions/957____parasguglani.cpp,2024-03-30 23:35:59 -0400
submissions/958____vanwisd.rs,2024-03-30 23:26:00 -0400
submissions/959____UrbanTurban.java,2024-03-30 23:36:01 -0400
submissions/960____youngk-2.cpp,2024-03-30 23:36:01 -0400
submissions/961____Invincible1212.cpp,2024-03-30 23:36:06 -0400
submissions/962____a_kill.cpp,2024-03-30 23:36:14 -0400
submissions/963____john35452.py,2024-03-30 23:36:16 -0400
submissions/964____sdckivenchen.py,2024-03-30 23:36:17 -0400
submissions/965____Ayanerru.py,2024-03-30 23:36:18 -0400
submissions/966____akshay_2902.cpp,2024-03-30 23:26:20 -0400
submissions/967____aachaldhole22.cpp,2024-03-30 23:36:22 -0400
submissions/968____zyx-37.cpp,2024-03-30 23:36:23 -0400
submissions/969____dhairya_996.cpp,2024-03-30 23:36:24 -0400
submissions/970____iN_siDious.py,2024-03-30 23:26:32 -0400
submissions/971____nervous-pascalkbu.cpp,2024-03-30 23:31:36 -0400
submissions/972____zhenliang153.cpp,2024-03-30 23:36:40 -0400
submissions/973____bai-guo-zi.java,2024-03-30 23:31:43 -0400
submissions/974____prabalpsingh7115.cpp,2024-03-30 23:36:47 -0400
submissions/975____sanjeeb42.cpp,2024-03-30 23:36:55 -0400
submissions/976____dumbunny8128.py,2024-03-30 23:31:55 -0400
submissions/977____sorriso.java,2024-03-30 23:37:00 -0400
submissions/978____shubhambhadada7.cpp,2024-03-30 23:09:58 -0400
submissions/979____ziyu_h.cpp,2024-03-30 23:37:04 -0400
submissions/980____andytyk.java,2024-03-30 23:37:07 -0400
submissions/981____RockyCYG.py,2024-03-30 23:37:16 -0400
submissions/982____harshgkb.py,2024-03-30 23:32:17 -0400
submissions/983____dyf3244.cpp,2024-03-30 23:32:34 -0400
submissions/984____jojayoh.cpp,2024-03-30 23:32:35 -0400
submissions/985____ImJoshiANE.cpp,2024-03-30 23:37:39 -0400
submissions/986____akhil_rautela.cpp,2024-03-30 23:37:44 -0400
submissions/987____you-jin-e.cpp,2024-03-30 23:37:46 -0400
submissions/988____sudhanshu_090.cpp,2024-03-30 23:37:48 -0400
submissions/989____amitkumar2003.cpp,2024-03-30 23:37:50 -0400
submissions/990____huangdachuan.cpp,2024-03-30 23:27:50 -0400
submissions/991____shark_in_leetcode.py,2024-03-30 23:32:50 -0400
submissions/992____dekail.py,2024-03-30 23:32:53 -0400
submissions/993____kenkaneki08708.cpp,2024-03-30 23:37:55 -0400
submissions/994____21bec057.cpp,2024-03-30 23:37:57 -0400
submissions/995____Yogeeky.cpp,2024-03-30 23:32:59 -0400
submissions/996____aphroditus.cpp,2024-03-30 23:23:00 -0400
submissions/997____irfanukani.cpp,2024-03-30 23:33:05 -0400
submissions/998____tlh65.py,2024-03-30 23:38:06 -0400
submissions/999____zhong-hua-xun.py,2024-03-30 23:38:07 -0400
submissions/1000____IHaveSuperBigPythonicBalls.py,2024-03-30 23:15:12 -0400
submissions/1001____sachin-031.cpp,2024-03-30 23:38:09 -0400
submissions/1002____Yao_Yin.cpp,2024-03-30 23:33:09 -0400
submissions/1003____a-soul_official.cpp,2024-03-30 23:28:11 -0400
submissions/1004____Nehcled.cpp,2024-03-30 23:23:11 -0400
submissions/1005____zxzxzxzzy.go,2024-03-30 23:35:05 -0400
submissions/1006____eshu_patel.cpp,2024-03-30 23:38:14 -0400
submissions/1007____ishwarya__24.py,2024-03-30 23:38:17 -0400
submissions/1008____wufengxuan1230.cpp,2024-03-30 23:38:18 -0400
submissions/1009____shivamsharma739.cpp,2024-03-30 23:38:18 -0400
submissions/1010____Sagar_Goel.cpp,2024-03-30 23:33:20 -0400
submissions/1011____zhanglp0129.cpp,2024-03-30 23:38:21 -0400
submissions/1012____ajai_cr7.cpp,2024-03-30 23:38:28 -0400
submissions/1013____AdamEvianYoung.py,2024-03-30 23:33:32 -0400
submissions/1014____inaba_meguru_ciallo.py,2024-03-30 23:33:33 -0400
submissions/1015____bluesky999.java,2024-03-30 23:38:33 -0400
submissions/1016____aksharye.cpp,2024-03-30 23:33:33 -0400
submissions/1017____aIkNVYH3CJ.py,2024-03-30 23:33:37 -0400
submissions/1018____NISHANT_2001.cpp,2024-03-30 23:38:38 -0400
submissions/1019____shresth101.cpp,2024-03-30 23:33:39 -0400
submissions/1020____ShraddhaGoyal.java,2024-03-30 23:33:39 -0400
submissions/1021____deb_ugger.cpp,2024-03-30 23:38:41 -0400
submissions/1022____plusline.cpp,2024-03-30 23:38:42 -0400
submissions/1023____aryansingh027.cpp,2024-03-30 23:33:50 -0400
submissions/1024____antpro0424.py,2024-03-30 23:19:35 -0400
submissions/1025____inotwant.java,2024-03-30 23:34:07 -0400
submissions/1026____1v9n418vn51.py,2024-03-30 23:34:08 -0400
submissions/1027____anubhav_gupta17.cpp,2024-03-30 23:34:09 -0400
submissions/1028____sveng101.py,2024-03-30 23:34:17 -0400
submissions/1029____plustone.cpp,2024-03-30 23:34:18 -0400
submissions/1030____043_adi.cpp,2024-03-30 23:29:19 -0400
submissions/1031____datn2107.cpp,2024-03-30 23:39:21 -0400
submissions/1032____chuntinglinct.cpp,2024-03-30 23:34:25 -0400
submissions/1033____PriyaGupta6387.cpp,2024-03-30 23:39:28 -0400
submissions/1034____taoz-kc.py,2024-03-30 23:34:34 -0400
submissions/1035____RahulAhuja2901.java,2024-03-30 23:39:36 -0400
submissions/1036____tqc007.py,2024-03-30 23:34:38 -0400
submissions/1037____sarthak97.cpp,2024-03-30 23:34:39 -0400
submissions/1038____saikat93ify.cpp,2024-03-30 23:26:57 -0400
submissions/1039____jyyzlzy.py,2024-03-30 23:39:41 -0400
submissions/1040____surajprajapati555.cpp,2024-03-30 23:30:45 -0400
submissions/1041____kavya22222.py,2024-03-30 23:39:45 -0400
submissions/1042____cp_sud.cpp,2024-03-30 23:24:51 -0400
submissions/1043____yu-ling-si.java,2024-03-30 23:39:51 -0400
submissions/1044____intelliCode.py,2024-03-30 23:29:51 -0400
submissions/1045____AidenChiang.cpp,2024-03-30 23:30:04 -0400
submissions/1046____agrawalashutosh635.cpp,2024-03-30 23:30:05 -0400
submissions/1047____GNagendraBabu.cpp,2024-03-30 23:35:05 -0400
submissions/1048____user6821J.cpp,2024-03-30 23:40:06 -0400
submissions/1049____its7arc.cpp,2024-03-30 23:35:07 -0400
submissions/1050____smomal.java,2024-03-30 23:35:09 -0400
submissions/1051____shivom-parveen.cpp,2024-03-30 23:35:14 -0400
submissions/1052____clever-i3rattainxjz.cpp,2024-03-30 23:30:16 -0400
submissions/1053____etttlandoo.cpp,2024-03-30 23:40:17 -0400
submissions/1054____ostmbh.cpp,2024-03-30 23:35:18 -0400
submissions/1055____JordanByrd238.py,2024-03-30 23:40:19 -0400
submissions/1056____NotSoPrivate.cpp,2024-03-30 23:35:21 -0400
submissions/1057____ypguo.java,2024-03-30 23:35:23 -0400
submissions/1058____indra_2003.cpp,2024-03-30 23:40:23 -0400
submissions/1059____KomalPal.cpp,2024-03-30 23:35:25 -0400
submissions/1060____slowknight10.cpp,2024-03-30 23:40:28 -0400
submissions/1061____atharva_saraf.cpp,2024-03-30 23:35:28 -0400
submissions/1062____sujal_prakash15.cpp,2024-03-30 23:35:28 -0400
submissions/1063____xiu-i8.cpp,2024-03-30 23:30:32 -0400
submissions/1064____leat14536.py,2024-03-30 23:35:33 -0400
submissions/1065____man-ray.java,2024-03-30 23:35:47 -0400
submissions/1066____KINGZIE.cpp,2024-03-30 23:30:51 -0400
submissions/1067____miemouwu.cpp,2024-03-30 23:40:53 -0400
submissions/1068____hikoship.py,2024-03-30 23:35:55 -0400
submissions/1069____IwOhRFUC85.cpp,2024-03-30 23:35:57 -0400
submissions/1070____elated-hugleydp.go,2024-03-30 23:41:00 -0400
submissions/1071____Pulkit95700.cpp,2024-03-30 23:41:05 -0400
submissions/1072____dsacpabhijit_kr.cpp,2024-03-30 23:36:10 -0400
submissions/1073____bowen1248.cpp,2024-03-30 23:36:14 -0400
submissions/1074____lin-yong-liang.py,2024-03-30 23:36:15 -0400
submissions/1075____brycelo.cpp,2024-03-30 23:36:19 -0400
submissions/1076____aaronyen.py,2024-03-30 23:31:21 -0400
submissions/1077____DCXiaoBing.java,2024-03-30 23:36:21 -0400
submissions/1078____Tsaha11.cpp,2024-03-30 23:41:23 -0400
submissions/1079____nirajk24.cpp,2024-03-30 23:41:23 -0400
submissions/1080____quirky-leakeypcy.py,2024-03-30 23:36:31 -0400
submissions/1081____k_op_18.cpp,2024-03-30 23:41:37 -0400
submissions/1082____mr_kamran.cpp,2024-03-30 23:41:37 -0400
submissions/1083____asyncoder.cpp,2024-03-30 23:36:42 -0400
submissions/1084____JJZin.py,2024-03-30 23:21:42 -0400
submissions/1085____Chandraprabhu.cpp,2024-03-30 23:41:45 -0400
submissions/1086____runtime_tterror.cpp,2024-03-30 23:36:47 -0400
submissions/1087____chgliu.py,2024-03-30 23:41:48 -0400
submissions/1088____zhouchgh.cpp,2024-03-30 23:41:56 -0400
submissions/1089____12345qwerty.java,2024-03-30 23:27:04 -0400
submissions/1090____MayankPanda08.cpp,2024-03-30 23:32:09 -0400
submissions/1091____ubhowns.rs,2024-03-30 23:42:09 -0400
submissions/1092____smilences.py,2024-03-30 23:42:11 -0400
submissions/1093____Siddh_Bamb.py,2024-03-30 23:37:16 -0400
submissions/1094____killerpajji.cpp,2024-03-30 23:37:17 -0400
submissions/1095____wyjsdpku.py,2024-03-30 23:32:17 -0400
submissions/1096____alex391a.py,2024-03-30 23:37:19 -0400
submissions/1097____silenceneoneo.cpp,2024-03-30 23:42:20 -0400
submissions/1098____anuragk240.cpp,2024-03-30 23:42:22 -0400
submissions/1099____rishabhraj5421.cpp,2024-03-30 23:37:24 -0400
submissions/1100____sssssummer.java,2024-03-30 23:42:25 -0400
submissions/1101____ToTea.cpp,2024-03-30 23:37:26 -0400
submissions/1102____gwdyxxzl.py,2024-03-30 23:42:27 -0400
submissions/1103____nochill.cpp,2024-03-30 23:37:29 -0400
submissions/1104____nguyenducloc.cpp,2024-03-30 23:42:29 -0400
submissions/1105____phungthienphuoc.py,2024-03-30 23:42:31 -0400
submissions/1106____krish_2002.cpp,2024-03-30 23:42:39 -0400
submissions/1107____zhi-cr.cpp,2024-03-30 23:42:41 -0400
submissions/1108____Carcass.cpp,2024-03-30 23:42:42 -0400
submissions/1109____lastprism.cpp,2024-03-30 23:37:43 -0400
submissions/1110____gdkkx.java,2024-03-30 23:37:46 -0400
submissions/1111____lczy.py,2024-03-30 23:37:47 -0400
submissions/1112____zac4.java,2024-03-30 23:42:48 -0400
submissions/1113____topo1993.py,2024-03-30 23:32:49 -0400
submissions/1114____n_c_nikhil.cpp,2024-03-30 23:37:49 -0400
submissions/1115____Roshan1610.cpp,2024-03-30 23:42:54 -0400
submissions/1116____lee0560.py,2024-03-30 23:42:55 -0400
submissions/1117____HVCYM.cpp,2024-03-30 23:37:56 -0400
submissions/1118____lucq.py,2024-03-30 23:42:58 -0400
submissions/1119____ciphercraft.cpp,2024-03-30 23:42:58 -0400
submissions/1120____diuPqR50Ef.py,2024-03-30 23:27:59 -0400
submissions/1121____heuristic-ishizaka6dx.py,2024-03-30 23:38:00 -0400
submissions/1122____Yun-Hsuan.cpp,2024-03-30 23:43:04 -0400
submissions/1123____22January.cpp,2024-03-30 23:38:08 -0400
submissions/1124____coder1417.cpp,2024-03-30 23:33:10 -0400
submissions/1125____gazelle36.py,2024-03-30 23:43:12 -0400
submissions/1126____rsfrafrefiajgoirfsa.go,2024-03-30 23:33:25 -0400
submissions/1127____Mikazuki4712.cpp,2024-03-30 23:43:35 -0400
submissions/1128____ctnya_8135.cpp,2024-03-30 23:38:40 -0400
submissions/1129____CodeRover.cpp,2024-03-30 23:13:47 -0400
submissions/1130____ekalavya_pc.cpp,2024-03-30 23:38:48 -0400
submissions/1131____CODEX47.cpp,2024-03-30 23:31:44 -0400
submissions/1132____kind-napierdf7.cpp,2024-03-30 23:38:50 -0400
submissions/1133____stocfocs.cpp,2024-03-30 23:43:52 -0400
submissions/1134____tomcatx.py,2024-03-30 23:43:52 -0400
submissions/1135____mnaoumov.cs,2024-03-30 23:43:54 -0400
submissions/1136____tyagikumkum1200121.cpp,2024-03-30 23:44:02 -0400
submissions/1137____lalit2001.cpp,2024-03-30 23:44:04 -0400
submissions/1138____SalvadorDali.py,2024-03-30 23:44:06 -0400
submissions/1139____kellensun.py,2024-03-30 23:39:07 -0400
submissions/1140____hemantpatil10125.cpp,2024-03-30 23:44:11 -0400
submissions/1141____gary3219.cpp,2024-03-30 23:34:13 -0400
submissions/1142____Ajay_Walke.cpp,2024-03-30 23:39:13 -0400
submissions/1143____lee_218.py,2024-03-30 23:44:14 -0400
submissions/1144____btcmoon.java,2024-03-30 23:24:15 -0400
submissions/1145____yi-ping-xue-bi-9.java,2024-03-30 23:44:16 -0400
submissions/1146____radhika_970.cpp,2024-03-30 23:34:18 -0400
submissions/1147____raywu01.py,2024-03-30 23:44:22 -0400
submissions/1148____zyhjy.cpp,2024-03-30 23:39:23 -0400
submissions/1149____spushkar1526.cpp,2024-03-30 23:39:26 -0400
submissions/1150____mohneesh.cpp,2024-03-30 23:44:29 -0400
submissions/1151____coding_parrot.py,2024-03-30 23:34:36 -0400
submissions/1152____leoyu0813.cpp,2024-03-30 23:29:37 -0400
submissions/1153____hjx2016.py,2024-03-30 23:44:49 -0400
submissions/1154____ritik108.cpp,2024-03-30 23:44:50 -0400
submissions/1155____iamrishii.cpp,2024-03-30 23:44:51 -0400
submissions/1156____Krishna_xo18.cpp,2024-03-30 23:42:41 -0400
submissions/1157____dakshkochhar2002.cpp,2024-03-30 23:39:53 -0400
submissions/1158____harry-f9.py,2024-03-30 23:34:53 -0400
submissions/1159____masatomo.cpp,2024-03-30 23:34:54 -0400
submissions/1160____AndriyLu.py,2024-03-30 23:34:55 -0400
submissions/1161____tiger0922.py,2024-03-30 23:44:56 -0400
submissions/1162____andy-d7.py,2024-03-30 23:39:58 -0400
submissions/1163____AbhiCodes_1029.cpp,2024-03-30 23:40:01 -0400
submissions/1164____Winter_Wind.cpp,2024-03-30 23:45:02 -0400
submissions/1165____jerksundertaker.cpp,2024-03-30 23:45:02 -0400
submissions/1166____Sayan_0099111.cpp,2024-03-30 23:45:04 -0400
submissions/1167____beta-blue.cpp,2024-03-30 23:45:07 -0400
submissions/1168____iwa2no.cpp,2024-03-30 23:45:07 -0400
submissions/1169____czjnbb.py,2024-03-30 23:45:10 -0400
submissions/1170____dhakreydeepshikha.cpp,2024-03-30 23:35:13 -0400
submissions/1171____yanghn-5.py,2024-03-30 23:18:15 -0400
submissions/1172____Diwaakar84.cpp,2024-03-30 23:30:25 -0400
submissions/1173____rishabhchaubey.java,2024-03-30 23:45:26 -0400
submissions/1174____blackcoder0212.cpp,2024-03-30 23:25:34 -0400
submissions/1175____axlsdtkl.cpp,2024-03-30 23:45:35 -0400
submissions/1176____drdnamaker.cpp,2024-03-30 23:40:38 -0400
submissions/1177____chenjarjar.py,2024-03-30 23:35:39 -0400
submissions/1178____Drunkenstein002.java,2024-03-30 23:40:41 -0400
submissions/1179____qxf-u.cpp,2024-03-30 23:45:42 -0400
submissions/1180____wangjian2015la.py,2024-03-30 23:45:44 -0400
submissions/1181____de_sync.cpp,2024-03-30 23:45:45 -0400
submissions/1182____bitxiao-hao.cpp,2024-03-30 23:25:00 -0400
submissions/1183____ukaguf.cpp,2024-03-30 23:35:48 -0400
submissions/1184____dreamy-antonelliqkw.cpp,2024-03-30 23:45:50 -0400
submissions/1185____kk1kk2.java,2024-03-30 23:45:52 -0400
submissions/1186____vinewhip.cpp,2024-03-30 23:45:53 -0400
submissions/1187____kHb9Q9dLoRkkQFkIWDj0zu7PtJ.cpp,2024-03-30 23:45:54 -0400
submissions/1188____9p9H2WxejS.cpp,2024-03-30 23:25:58 -0400
submissions/1189____maxuanquang.py,2024-03-30 23:46:01 -0400
submissions/1190____yadavdipesh.java,2024-03-30 23:36:03 -0400
submissions/1191____Dinesh09.cpp,2024-03-30 23:36:05 -0400
submissions/1192____harshal786shah.cpp,2024-03-30 23:45:32 -0400
submissions/1193____ritikjainrj18.cpp,2024-03-30 23:36:13 -0400
submissions/1194____ramcoba12.cpp,2024-03-30 23:31:15 -0400
submissions/1195____liangliang-s.cpp,2024-03-30 23:41:19 -0400
submissions/1196____ankangarai.cpp,2024-03-30 23:46:20 -0400
submissions/1197____muthublack_.cpp,2024-03-30 23:36:24 -0400
submissions/1198____Chakshu_Jhamb.cpp,2024-03-30 23:41:30 -0400
submissions/1199____JeetuGupta.cpp,2024-03-30 23:41:31 -0400
submissions/1200____sahithjbuis.py,2024-03-30 23:21:36 -0400
submissions/1201____CarlosAlcaraz.py,2024-03-30 23:46:37 -0400
submissions/1202____chshda.cpp,2024-03-30 23:46:40 -0400
submissions/1203____Mozhi_Shen.py,2024-03-30 23:46:42 -0400
submissions/1204____yuchen1005.cpp,2024-03-30 23:41:45 -0400
submissions/1205____looneyd_noob.cpp,2024-03-30 23:36:48 -0400
submissions/1206____SkylerTsai.py,2024-03-30 23:36:48 -0400
submissions/1207____wpanlener.py,2024-03-30 23:41:48 -0400
submissions/1208____Aakash_Negi.py,2024-03-30 23:46:51 -0400
submissions/1209____charleszzz.go,2024-03-30 23:46:55 -0400
submissions/1210____T1N.py,2024-03-30 23:46:56 -0400
submissions/1211____abdulrahman27.cpp,2024-03-30 23:41:58 -0400
submissions/1212____pythontri.cpp,2024-03-30 23:42:00 -0400
submissions/1213____4dm9BKa76z.cpp,2024-03-30 23:37:00 -0400
submissions/1214____ram0629.java,2024-03-30 23:42:01 -0400
submissions/1215____gajendrasaran2002.cpp,2024-03-30 23:47:03 -0400
submissions/1216____mustafa_001.cpp,2024-03-30 23:45:43 -0400
submissions/1217____da-bai-xiong-9b.py,2024-03-30 23:47:07 -0400
submissions/1218____felix95.cpp,2024-03-30 23:37:11 -0400
submissions/1219____P_Manav.cpp,2024-03-30 23:37:12 -0400
submissions/1220____harsh_reality_.py,2024-03-30 23:47:13 -0400
submissions/1221____sgs-h.cpp,2024-03-30 23:42:14 -0400
submissions/1222____swrp15.cpp,2024-03-30 23:47:16 -0400
submissions/1223____GauravFartyal.cpp,2024-03-30 23:47:17 -0400
submissions/1224____cpacc1.cpp,2024-03-30 23:09:15 -0400
submissions/1225____AmanMeenia0001.cpp,2024-03-30 23:47:23 -0400
